timestamp,region,events,duration_days,mean_ftrt,contribution_percent
2026-07-21T15:01:33.910628Z,14475,3,2,7.742445,41.778
2026-07-21T15:01:33.910613Z,14479,47,8,7.61859,41.109
2026-07-21T15:01:33.910588Z,14473,3,2,1.6582116666666666,8.948
2026-07-21T15:01:33.910504Z,14472,1,1,1.513223,8.165
2026-07-21T15:01:33.910642Z,14480,4,5,0,0.0
2026-07-21T15:01:33.910655Z,14478,4,4,0,0.0
2026-07-21T15:01:33.910667Z,14482,4,6,0,0.0
2026-07-21T15:01:33.910679Z,14485,4,4,0,0.0
2026-07-21T15:01:33.910690Z,,1,1,0,0.0
