fecha,ftrt_index,ssn
2020-01-01,0.514693,6.0
2020-01-02,0.573205,12.0
2020-01-03,0.621155,13.0
2020-01-04,-0.28886,12.0
2020-01-05,-0.263306,14.0
2020-01-06,-0.249581,7.0
2020-01-07,-0.248082,4.0
2020-01-08,-0.259182,4.0
2020-01-09,-0.283218,15.0
2020-01-10,-0.320486,4.0
2020-01-11,-0.371237,0.0
2020-01-12,-0.435675,0.0
2020-01-13,0.433028,0.0
2020-01-14,0.340807,0.0
2020-01-15,0.234598,0.0
2020-01-16,0.11442,0.0
2020-01-17,-0.019616,0.0
2020-01-18,-0.167278,0.0
2020-01-19,-0.328133,0.0
2020-01-20,-0.501447,0.0
2020-01-21,-0.685991,0.0
2020-01-22,-0.87976,0.0
2020-01-23,-1.079515,0.0
2020-01-24,-1.280092,8.0
2020-01-25,-1.473415,12.0
2020-01-26,-1.647286,19.0
2020-01-27,-1.784535,14.0
2020-01-28,-1.864122,12.0
2020-01-29,-1.866328,12.0
2020-01-30,-1.781108,12.0
2020-01-31,-1.612867,12.0
2020-02-01,-1.376762,6.0
2020-02-02,-1.091109,0.0
2020-02-03,-0.772237,0.0
2020-02-04,-0.432911,0.0
2020-02-05,-2.284801,0.0
2020-02-06,-1.930632,0.0
2020-02-07,0.624011,0.0
2020-02-08,0.969794,0.0
2020-02-09,1.303647,0.0
2020-02-10,-0.582894,0.0
2020-02-11,-0.293314,0.0
2020-02-12,-0.039178,0.0
2020-02-13,0.169308,0.0
2020-02-14,0.322594,0.0
2020-02-15,2.615827,0.0
2020-02-16,2.641781,0.0
2020-02-17,2.604668,0.0
2020-02-18,2.511014,0.0
2020-02-19,2.370465,0.0
2020-02-20,2.194015,0.0
2020-02-21,1.992439,0.0
2020-02-22,1.775251,0.0
2020-02-23,1.550259,0.0
2020-02-24,-0.878608,0.0
2020-02-25,-1.102338,0.0
2020-02-26,-1.319552,0.0
2020-02-27,-1.527478,0.0
2020-02-28,-1.723868,0.0
2020-02-29,-1.906825,0.0
2020-03-01,-2.074697,0.0
2020-03-02,-0.023858,0.0
2020-03-03,-0.157413,0.0
2020-03-04,-0.272177,0.0
2020-03-05,-0.367426,0.0
2020-03-06,-0.44278,0.0
2020-03-07,-0.498248,2.0
2020-03-08,-0.534246,16.0
2020-03-09,-0.551588,11.0
2020-03-10,-0.551443,0.0
2020-03-11,-0.535263,0.0
2020-03-12,-0.504698,0.0
2020-03-13,-0.461504,0.0
2020-03-14,-0.40747,0.0
2020-03-15,-0.344346,0.0
2020-03-16,-0.273801,0.0
2020-03-17,-0.1974,0.0
2020-03-18,-0.116586,3.0
2020-03-19,-0.032685,0.0
2020-03-20,0.053088,0.0
2020-03-21,0.139617,0.0
2020-03-22,-1.97631,0.0
2020-03-23,-1.891306,0.0
2020-03-24,-1.808465,0.0
2020-03-25,-1.728663,0.0
2020-03-26,-1.65275,0.0
2020-03-27,-1.581561,0.0
2020-03-28,-1.515918,0.0
2020-03-29,-1.456638,0.0
2020-03-30,-1.404533,3.0
2020-03-31,-1.360411,11.0
2020-04-01,-0.069875,13.0
2020-04-02,-0.044106,13.0
2020-04-03,-0.028675,13.0
2020-04-04,-0.024327,13.0
2020-04-05,-0.031774,0.0
2020-04-06,-0.051691,0.0
2020-04-07,-0.084714,0.0
2020-04-08,-0.131436,0.0
2020-04-09,-0.192415,0.0
2020-04-10,0.678802,0.0
2020-04-11,0.587745,0.0
2020-04-12,0.480885,0.0
2020-04-13,0.35769,0.0
2020-04-14,0.217586,0.0
2020-04-15,0.059927,0.0
2020-04-16,-0.116029,0.0
2020-04-17,-0.311137,0.0
2020-04-18,-1.473363,0.0
2020-04-19,-3.912034,0.0
2020-04-20,-4.170993,0.0
2020-04-21,-4.453669,0.0
2020-04-22,-4.761226,0.0
2020-04-23,-2.892278,0.0
2020-04-24,-3.250894,0.0
2020-04-25,-3.631315,6.0
2020-04-26,-4.016084,13.0
2020-04-27,-4.292562,26.0
2020-04-28,-4.118035,15.0
2020-04-29,-3.698738,24.0
2020-04-30,-3.237253,20.0
2020-05-01,-2.769404,4.0
2020-05-02,-2.306303,0.0
2020-05-03,-1.853873,0.0
2020-05-04,-1.416206,0.0
2020-05-05,-0.996564,0.0
2020-05-06,-0.597989,0.0
2020-05-07,-0.223913,0.0
2020-05-08,0.12123,0.0
2020-05-09,-1.770623,0.0
2020-05-10,-1.50246,0.0
2020-05-11,-1.284568,0.0
2020-05-12,-1.124434,0.0
2020-05-13,-1.027146,0.0
2020-05-14,-0.993841,0.0
2020-05-15,-1.021002,0.0
2020-05-16,-1.100844,0.0
2020-05-17,-1.222581,0.0
2020-05-18,-1.374004,0.0
2020-05-19,-1.542871,0.0
2020-05-20,-1.717807,0.0
2020-05-21,-1.88872,0.0
2020-05-22,-2.046929,0.0
2020-05-23,-2.185172,0.0
2020-05-24,-0.095473,0.0
2020-05-25,-0.177957,0.0
2020-05-26,-0.227908,0.0
2020-05-27,-0.244511,0.0
2020-05-28,-2.43074,0.0
2020-05-29,-2.384359,0.0
2020-05-30,-2.310581,0.0
2020-05-31,-2.212914,2.0
2020-06-01,-2.094947,6.0
2020-06-02,-1.960057,0.0
2020-06-03,-0.864256,9.0
2020-06-04,-0.704025,11.0
2020-06-05,-0.534428,13.0
2020-06-06,-0.357076,16.0
2020-06-07,-0.1732,16.0
2020-06-08,0.016272,16.0
2020-06-09,0.210647,14.0
2020-06-10,0.40941,12.0
2020-06-11,0.612158,11.0
2020-06-12,0.818562,11.0
2020-06-13,1.028322,11.0
2020-06-14,1.241135,11.0
2020-06-15,2.711863,8.0
2020-06-16,2.929723,0.0
2020-06-17,3.149448,0.0
2020-06-18,1.168304,0.0
2020-06-19,1.389984,0.0
2020-06-20,1.611535,0.0
2020-06-21,1.832051,0.0
2020-06-22,3.052157,0.0
2020-06-23,3.267367,0.0
2020-06-24,3.478037,0.0
2020-06-25,3.682733,0.0
2020-06-26,3.879902,6.0
2020-06-27,4.067882,4.0
2020-06-28,2.855877,0.0
2020-06-29,3.020168,0.0
2020-06-30,3.169858,0.0
2020-07-01,3.303098,4.0
2020-07-02,2.604951,2.0
2020-07-03,2.699945,0.0
2020-07-04,2.773355,7.0
2020-07-05,2.823756,5.0
2020-07-06,1.457864,5.0
2020-07-07,2.850963,8.0
2020-07-08,2.826163,0.0
2020-07-09,2.775193,0.0
2020-07-10,2.698027,0.0
2020-07-11,2.594961,0.0
2020-07-12,2.466599,0.0
2020-07-13,2.313832,0.0
2020-07-14,2.137816,0.0
2020-07-15,1.939933,2.0
2020-07-16,2.922281,0.0
2020-07-17,2.685561,0.0
2020-07-18,2.432161,0.0
2020-07-19,2.164048,0.0
2020-07-20,1.883266,0.0
2020-07-21,1.591917,6.0
2020-07-22,1.292164,11.0
2020-07-23,0.986239,11.0
2020-07-24,1.623469,11.0
2020-07-25,1.312435,11.0
2020-07-26,1.003008,11.0
2020-07-27,0.69867,11.0
2020-07-28,0.403877,20.0
2020-07-29,0.124601,21.0
2020-07-30,-0.131014,21.0
2020-07-31,-0.352071,21.0
2020-08-01,-0.524879,26.0
2020-08-02,-0.634184,15.0
2020-08-03,-0.666198,11.0
2020-08-04,-0.612932,11.0
2020-08-05,-0.475823,12.0
2020-08-06,-0.266437,14.0
2020-08-07,-0.004062,17.0
2020-08-08,0.287982,12.0
2020-08-09,0.585499,13.0
2020-08-10,3.067907,13.0
2020-08-11,3.311421,12.0
2020-08-12,3.503744,17.0
2020-08-13,3.636362,10.0
2020-08-14,3.706729,5.0
2020-08-15,3.71733,0.0
2020-08-16,3.674158,0.0
2020-08-17,3.585104,0.0
2020-08-18,3.458601,13.0
2020-08-19,3.302667,16.0
2020-08-20,3.124362,12.0
2020-08-21,2.929547,3.0
2020-08-22,2.722859,0.0
2020-08-23,2.507809,0.0
2020-08-24,2.286929,0.0
2020-08-25,2.06194,0.0
2020-08-26,1.833911,0.0
2020-08-27,1.603398,0.0
2020-08-28,1.370565,0.0
2020-08-29,1.135286,0.0
2020-08-30,0.897225,0.0
2020-08-31,0.655908,0.0
2020-09-01,0.410782,0.0
2020-09-02,0.161262,0.0
2020-09-03,-0.093224,0.0
2020-09-04,-0.353192,0.0
2020-09-05,-0.619064,0.0
2020-09-06,-0.891127,0.0
2020-09-07,-1.169486,0.0
2020-09-08,-1.454004,0.0
2020-09-09,-1.744207,0.0
2020-09-10,-1.482555,0.0
2020-09-11,-1.780314,0.0
2020-09-12,-2.077225,0.0
2020-09-13,-2.364733,0.0
2020-09-14,-2.617892,2.0
2020-09-15,-2.755113,0.0
2020-09-16,-2.66754,0.0
2020-09-17,-2.44163,0.0
2020-09-18,-2.178468,0.0
2020-09-19,-1.910283,0.0
2020-09-20,-1.647339,0.0
2020-09-21,-1.950313,0.0
2020-09-22,-1.708063,0.0
2020-09-23,-3.6804,7.0
2020-09-24,-3.463595,5.0
2020-09-25,-3.260204,4.0
2020-09-26,-3.070466,0.0
2020-09-27,-2.894544,0.0
2020-09-28,-2.732557,0.0
2020-09-29,-2.58461,0.0
2020-09-30,-2.450807,0.0
2020-10-01,-2.331258,0.0
2020-10-02,-2.226087,0.0
2020-10-03,-3.082411,0.0
2020-10-04,-3.006413,0.0
2020-10-05,-2.945228,0.0
2020-10-06,-2.899011,0.0
2020-10-07,-2.867921,0.0
2020-10-08,-2.852118,6.0
2020-10-09,-2.85177,20.0
2020-10-10,-2.867055,18.0
2020-10-11,-2.898176,20.0
2020-10-12,-1.998393,14.0
2020-10-13,-2.061963,0.0
2020-10-14,-2.142284,4.0
2020-10-15,-2.23984,13.0
2020-10-16,-2.355246,13.0
2020-10-17,-2.489288,14.0
2020-10-18,-2.642943,21.0
2020-10-19,-2.817413,17.0
2020-10-20,-3.961121,14.0
2020-10-21,-4.181799,14.0
2020-10-22,-4.428334,12.0
2020-10-23,-4.702777,17.0
2020-10-24,-5.007146,18.0
2020-10-25,-5.343059,19.0
2020-10-26,-4.763907,22.0
2020-10-27,-5.159897,41.0
2020-10-28,-5.555047,35.0
2020-10-29,-5.612813,42.0
2020-10-30,-5.204607,34.0
2020-10-31,-2.549156,26.0
2020-11-01,-2.10622,5.0
2020-11-02,-3.892058,9.0
2020-11-03,-3.513171,16.0
2020-11-04,-3.179882,26.0
2020-11-05,-2.897859,31.0
2020-11-06,-2.670267,41.0
2020-11-07,-2.497834,38.0
2020-11-08,-2.379057,44.0
2020-11-09,-4.512761,29.0
2020-11-10,-2.287735,29.0
2020-11-11,-2.305072,29.0
2020-11-12,-2.356931,32.0
2020-11-13,-2.437827,26.0
2020-11-14,-4.744884,20.0
2020-11-15,-4.869221,5.0
2020-11-16,-5.009009,0.0
2020-11-17,-5.160664,10.0
2020-11-18,-5.320877,13.0
2020-11-19,-5.486435,13.0
2020-11-20,-5.654009,13.0
2020-11-21,-3.61775,26.0
2020-11-22,-3.777737,34.0
2020-11-23,-3.926682,48.0
2020-11-24,-4.058487,44.0
2020-11-25,-1.963992,53.0
2020-11-26,-2.04028,58.0
2020-11-27,-2.078861,75.0
2020-11-28,-2.07602,86.0
2020-11-29,-4.234011,96.0
2020-11-30,-4.152272,87.0
2020-12-01,-1.837018,56.0
2020-12-02,-1.699587,48.0
2020-12-03,-1.544345,45.0
2020-12-04,-1.37682,41.0
2020-12-05,-1.201419,37.0
2020-12-06,-1.021543,25.0
2020-12-07,-0.839782,21.0
2020-12-08,-0.658094,14.0
2020-12-09,-0.477965,14.0
2020-12-10,-0.300527,12.0
2020-12-11,-0.126659,12.0
2020-12-12,0.042944,11.0
2020-12-13,0.207715,11.0
2020-12-14,0.367167,13.0
2020-12-15,0.520863,20.0
2020-12-16,0.668387,14.0
2020-12-17,0.809324,13.0
2020-12-18,0.943248,7.0
2020-12-19,1.069711,0.0
2020-12-20,1.188239,0.0
2020-12-21,1.298335,12.0
2020-12-22,1.39948,12.0
2020-12-23,1.491148,24.0
2020-12-24,1.572814,28.0
2020-12-25,1.643971,31.0
2020-12-26,1.704145,35.0
2020-12-27,1.752918,33.0
2020-12-28,1.789943,30.0
2020-12-29,1.814961,32.0
2020-12-30,0.880839,32.0
2020-12-31,0.881503,34.0
2021-01-01,0.870067,24.0
2021-01-02,0.846768,17.0
2021-01-03,0.811986,0.0
2021-01-04,0.766257,0.0
2021-01-05,0.710282,0.0
2021-01-06,0.644934,0.0
2021-01-07,0.571285,0.0
2021-01-08,1.437611,0.0
2021-01-09,1.351516,0.0
2021-01-10,1.261876,0.0
2021-01-11,1.170992,0.0
2021-01-12,1.081673,0.0
2021-01-13,0.99734,0.0
2021-01-14,0.922127,3.0
2021-01-15,0.86094,14.0
2021-01-16,0.819433,12.0
2021-01-17,0.803836,14.0
2021-01-18,0.820593,12.0
2021-01-19,0.875807,20.0
2021-01-20,0.974579,21.0
2021-01-21,1.120405,25.0
2021-01-22,1.314837,35.0
2021-01-23,1.557484,32.0
2021-01-24,1.846297,23.0
2021-01-25,2.177873,27.0
2021-01-26,2.54745,17.0
2021-01-27,0.746214,20.0
2021-01-28,1.169038,7.0
2021-01-29,1.600427,0.0
2021-01-30,2.022919,0.0
2021-01-31,2.415931,0.0
2021-02-01,4.96046,0.0
2021-02-02,5.233804,9.0
2021-02-03,5.425811,7.0
2021-02-04,5.53197,0.0
2021-02-05,3.353325,0.0
2021-02-06,3.303493,0.0
2021-02-07,3.193122,0.0
2021-02-08,3.036179,2.0
2021-02-09,2.845939,2.0
2021-02-10,4.836086,0.0
2021-02-11,4.611574,0.0
2021-02-12,3.434717,0.0
2021-02-13,3.204662,0.0
2021-02-14,2.978039,0.0
2021-02-15,2.757235,0.0
2021-02-16,2.543739,0.0
2021-02-17,2.338402,0.0
2021-02-18,2.141645,10.0
2021-02-19,1.953613,9.0
2021-02-20,1.774297,9.0
2021-02-21,1.603613,10.0
2021-02-22,1.441464,16.0
2021-02-23,1.287785,36.0
2021-02-24,1.142568,38.0
2021-02-25,1.005885,34.0
2021-02-26,0.877892,18.0
2021-02-27,0.758839,17.0
2021-02-28,0.649058,13.0
2021-03-01,0.548958,10.0
2021-03-02,1.405982,16.0
2021-03-03,1.326663,35.0
2021-03-04,1.258476,30.0
2021-03-05,1.201876,13.0
2021-03-06,1.157242,7.0
2021-03-07,1.124838,21.0
2021-03-08,1.104775,14.0
2021-03-09,1.096983,15.0
2021-03-10,1.101188,17.0
2021-03-11,1.116907,22.0
2021-03-12,1.143448,14.0
2021-03-13,1.179922,11.0
2021-03-14,1.225268,23.0
2021-03-15,1.278278,24.0
2021-03-16,1.337627,19.0
2021-03-17,1.401901,13.0
2021-03-18,1.469624,13.0
2021-03-19,1.539283,13.0
2021-03-20,1.609343,11.0
2021-03-21,1.678267,8.0
2021-03-22,1.74453,22.0
2021-03-23,1.806627,27.0
2021-03-24,1.863094,30.0
2021-03-25,1.912512,27.0
2021-03-26,1.953527,25.0
2021-03-27,1.98486,19.0
2021-03-28,1.058343,12.0
2021-03-29,1.066852,12.0
2021-03-30,1.062432,9.0
2021-03-31,1.044228,0.0
2021-04-01,1.011505,0.0
2021-04-02,0.963642,0.0
2021-04-03,0.900117,4.0
2021-04-04,0.820493,12.0
2021-04-05,0.724386,11.0
2021-04-06,1.558406,6.0
2021-04-07,1.428195,0.0
2021-04-08,1.280252,0.0
2021-04-09,1.113949,0.0
2021-04-10,0.928444,0.0
2021-04-11,0.722605,10.0
2021-04-12,0.494928,14.0
2021-04-13,0.243462,19.0
2021-04-14,-0.034258,21.0
2021-04-15,-0.341259,25.0
2021-04-16,-0.681123,35.0
2021-04-17,-1.057902,15.0
2021-04-18,-1.475903,18.0
2021-04-19,-1.939272,36.0
2021-04-20,-4.653496,57.0
2021-04-21,-5.215589,46.0
2021-04-22,-5.819527,44.0
2021-04-23,-5.363541,37.0
2021-04-24,-4.738589,54.0
2021-04-25,-1.9371,55.0
2021-04-26,-1.375823,50.0
2021-04-27,-0.862444,55.0
2021-04-28,-0.404251,46.0
2021-04-29,-0.006207,37.0
2021-04-30,0.328643,28.0
2021-05-01,0.598948,10.0
2021-05-02,0.805148,0.0
2021-05-03,0.949696,0.0
2021-05-04,-1.165074,0.0
2021-05-05,-1.128556,0.0
2021-05-06,-1.135526,0.0
2021-05-07,-1.178134,10.0
2021-05-08,-1.248669,17.0
2021-05-09,0.862211,20.0
2021-05-10,0.756589,34.0
2021-05-11,0.642322,32.0
2021-05-12,0.524402,33.0
2021-05-13,0.407252,30.0
2021-05-14,0.294832,26.0
2021-05-15,0.190724,28.0
2021-05-16,0.098161,13.0
2021-05-17,0.020019,14.0
2021-05-18,-0.041243,28.0
2021-05-19,-0.083669,27.0
2021-05-20,-0.10589,20.0
2021-05-21,-0.10719,14.0
2021-05-22,-0.087521,19.0
2021-05-23,-0.047462,27.0
2021-05-24,0.011883,31.0
2021-05-25,0.089014,41.0
2021-05-26,0.182195,41.0
2021-05-27,0.289591,41.0
2021-05-28,0.409393,31.0
2021-05-29,0.539898,15.0
2021-05-30,0.679574,26.0
2021-05-31,0.827082,30.0
2021-06-01,0.981285,22.0
2021-06-02,1.141236,29.0
2021-06-03,1.306161,31.0
2021-06-04,-0.726746,35.0
2021-06-05,-2.755824,38.0
2021-06-06,-2.57933,38.0
2021-06-07,-2.399822,49.0
2021-06-08,-2.217666,34.0
2021-06-09,-2.033238,25.0
2021-06-10,-1.846961,27.0
2021-06-11,-1.659325,19.0
2021-06-12,-1.470915,8.0
2021-06-13,-1.282432,15.0
2021-06-14,-1.09471,12.0
2021-06-15,1.293452,11.0
2021-06-16,1.476577,11.0
2021-06-17,1.655569,12.0
2021-06-18,1.829018,21.0
2021-06-19,1.995392,15.0
2021-06-20,2.153056,14.0
2021-06-21,2.300306,13.0
2021-06-22,2.4354,16.0
2021-06-23,0.354419,12.0
2021-06-24,1.715213,11.0
2021-06-25,1.803595,23.0
2021-06-26,1.873265,19.0
2021-06-27,1.922885,33.0
2021-06-28,1.951309,46.0
2021-06-29,1.957603,56.0
2021-06-30,1.941066,54.0
2021-07-01,1.90124,57.0
2021-07-02,1.837911,62.0
2021-07-03,2.698086,60.0
2021-07-04,2.588057,50.0
2021-07-05,2.455273,45.0
2021-07-06,2.300395,49.0
2021-07-07,2.12426,20.0
2021-07-08,1.927862,16.0
2021-07-09,1.712337,11.0
2021-07-10,1.478956,15.0
2021-07-11,1.229131,21.0
2021-07-12,3.166619,23.0
2021-07-13,2.888892,21.0
2021-07-14,2.600343,30.0
2021-07-15,2.303864,22.0
2021-07-16,2.003545,35.0
2021-07-17,1.705537,49.0
2021-07-18,1.419359,48.0
2021-07-19,1.159499,48.0
2021-07-20,0.946532,46.0
2021-07-21,-0.141048,72.0
2021-07-22,-0.184573,76.0
2021-07-23,-0.11676,57.0
2021-07-24,0.058447,32.0
2021-07-25,0.31975,36.0
2021-07-26,0.636847,31.0
2021-07-27,0.979025,18.0
2021-07-28,1.319602,6.0
2021-07-29,1.637031,3.0
2021-07-30,1.914955,0.0
2021-07-31,2.142265,3.0
2021-08-01,2.31305,8.0
2021-08-02,2.426123,13.0
2021-08-03,2.484055,17.0
2021-08-04,2.491973,17.0
2021-08-05,0.254197,22.0
2021-08-06,0.181994,8.0
2021-08-07,0.079854,0.0
2021-08-08,-0.046201,0.0
2021-08-09,-0.190972,7.0
2021-08-10,-0.350121,0.0
2021-08-11,-0.520124,18.0
2021-08-12,1.504,7.0
2021-08-13,1.320091,9.0
2021-08-14,1.132028,19.0
2021-08-15,0.941132,21.0
2021-08-16,0.748444,20.0
2021-08-17,0.554832,15.0
2021-08-18,0.361076,13.0
2021-08-19,0.16797,22.0
2021-08-20,-0.023587,12.0
2021-08-21,0.734487,16.0
2021-08-22,0.54964,19.0
2021-08-23,0.370665,16.0
2021-08-24,0.199873,20.0
2021-08-25,0.040147,36.0
2021-08-26,-0.105043,48.0
2021-08-27,-0.231706,71.0
2021-08-28,-0.335517,75.0
2021-08-29,-0.412177,51.0
2021-08-30,-0.457897,43.0
2021-08-31,-0.46996,39.0
2021-09-01,-2.649359,38.0
2021-09-02,-2.592311,33.0
2021-09-03,-2.503212,26.0
2021-09-04,-2.385538,71.0
2021-09-05,-2.243482,74.0
2021-09-06,-2.081442,83.0
2021-09-07,0.298558,84.0
2021-09-08,0.488408,97.0
2021-09-09,0.68708,101.0
2021-09-10,0.891926,96.0
2021-09-11,-1.101374,72.0
2021-09-12,-0.890196,49.0
2021-09-13,-0.678135,33.0
2021-09-14,-0.466394,23.0
2021-09-15,-0.256056,10.0
2021-09-16,-0.04816,0.0
2021-09-17,0.156245,0.0
2021-09-18,0.356051,0.0
2021-09-19,0.550069,13.0
2021-09-20,0.73702,43.0
2021-09-21,0.915538,65.0
2021-09-22,1.084186,81.0
2021-09-23,1.241474,70.0
2021-09-24,3.588068,60.0
2021-09-25,2.771128,45.0
2021-09-26,2.885322,50.0
2021-09-27,2.982263,50.0
2021-09-28,3.060625,57.0
2021-09-29,1.863991,70.0
2021-09-30,1.901646,45.0
2021-10-01,1.917408,38.0
2021-10-02,1.910415,34.0
2021-10-03,1.879931,27.0
2021-10-04,1.82534,35.0
2021-10-05,1.746146,30.0
2021-10-06,1.641972,26.0
2021-10-07,1.512565,16.0
2021-10-08,1.357814,19.0
2021-10-09,1.177771,23.0
2021-10-10,0.972696,38.0
2021-10-11,0.743132,30.0
2021-10-12,0.490016,17.0
2021-10-13,2.417049,20.0
2021-10-14,2.122326,20.0
2021-10-15,1.812004,12.0
2021-10-16,1.49265,11.0
2021-10-17,1.175136,0.0
2021-10-18,0.876903,17.0
2021-10-19,0.623656,13.0
2021-10-20,0.447553,12.0
2021-10-21,0.378333,17.0
2021-10-22,0.429099,36.0
2021-10-23,0.587765,48.0
2021-10-24,0.823089,40.0
2021-10-25,1.098926,66.0
2021-10-26,1.384755,90.0
2021-10-27,1.658938,103.0
2021-10-28,1.907769,97.0
2021-10-29,2.123473,82.0
2021-10-30,2.302477,76.0
2021-10-31,2.444108,65.0
2021-11-01,2.549642,51.0
2021-11-02,3.178126,43.0
2021-11-03,3.219582,33.0
2021-11-04,3.233973,28.0
2021-11-05,3.224686,37.0
2021-11-06,3.194916,34.0
2021-11-07,3.147581,30.0
2021-11-08,2.528713,40.0
2021-11-09,2.453705,44.0
2021-11-10,2.367951,41.0
2021-11-11,2.273127,43.0
2021-11-12,2.170653,36.0
2021-11-13,2.061734,27.0
2021-11-14,1.947388,20.0
2021-11-15,2.385043,24.0
2021-11-16,2.262314,32.0
2021-11-17,2.136404,29.0
2021-11-18,1.451322,23.0
2021-11-19,1.32071,22.0
2021-11-20,1.188499,22.0
2021-11-21,1.055179,23.0
2021-11-22,0.921257,23.0
2021-11-23,-1.414896,33.0
2021-11-24,-1.54832,43.0
2021-11-25,0.52167,26.0
2021-11-26,0.391503,44.0
2021-11-27,0.26425,41.0
2021-11-28,0.697482,48.0
2021-11-29,0.579204,44.0
2021-11-30,0.467206,59.0
2021-12-01,0.362797,43.0
2021-12-02,0.267313,38.0
2021-12-03,0.182058,29.0
2021-12-04,0.108223,19.0
2021-12-05,0.046791,24.0
2021-12-06,-0.001553,13.0
2021-12-07,-0.036504,12.0
2021-12-08,-0.05819,6.0
2021-12-09,-0.067192,0.0
2021-12-10,-0.064518,0.0
2021-12-11,-0.051549,0.0
2021-12-12,-0.586505,13.0
2021-12-13,-0.55811,24.0
2021-12-14,-0.524862,46.0
2021-12-15,-0.488701,78.0
2021-12-16,-0.451506,107.0
2021-12-17,-2.617224,111.0
2021-12-18,-2.583134,109.0
2021-12-19,-2.552893,118.0
2021-12-20,-2.527825,121.0
2021-12-21,-2.509099,132.0
2021-12-22,-0.295563,150.0
2021-12-23,-0.292457,145.0
2021-12-24,-0.298363,118.0
2021-12-25,-0.313912,114.0
2021-12-26,-0.339609,95.0
2021-12-27,-0.375821,107.0
2021-12-28,-0.422748,103.0
2021-12-29,-2.68255,87.0
2021-12-30,-2.750557,69.0
2021-12-31,-2.828195,60.0
2022-01-01,-2.914064,48.0
2022-01-02,-0.803638,27.0
2022-01-03,-0.897525,10.0
2022-01-04,-0.987847,10.0
2022-01-05,-1.066333,23.0
2022-01-06,-1.121752,34.0
2022-01-07,-1.140262,44.0
2022-01-08,-1.107183,44.0
2022-01-09,-1.010306,54.0
2022-01-10,-0.84356,54.0
2022-01-11,-0.608891,51.0
2022-01-12,-0.315296,76.0
2022-01-13,0.024001,85.0
2022-01-14,0.394465,98.0
2022-01-15,1.338733,95.0
2022-01-16,1.731084,102.0
2022-01-17,2.116608,80.0
2022-01-18,1.927847,66.0
2022-01-19,2.26732,58.0
2022-01-20,2.568552,57.0
2022-01-21,2.823323,23.0
2022-01-22,3.026219,24.0
2022-01-23,2.228312,20.0
2022-01-24,2.325017,33.0
2022-01-25,2.37352,52.0
2022-01-26,2.379705,69.0
2022-01-27,2.350178,81.0
2022-01-28,3.238468,72.0
2022-01-29,3.156607,66.0
2022-01-30,3.056748,83.0
2022-01-31,2.943172,75.0
2022-02-01,2.819311,77.0
2022-02-02,2.68784,72.0
2022-02-03,2.550802,80.0
2022-02-04,2.966286,100.0
2022-02-05,2.82229,91.0
2022-02-06,2.676181,78.0
2022-02-07,2.528529,76.0
2022-02-08,2.379731,75.0
2022-02-09,2.230064,68.0
2022-02-10,2.079722,72.0
2022-02-11,1.928863,75.0
2022-02-12,1.777633,54.0
2022-02-13,1.626198,46.0
2022-02-14,1.474778,63.0
2022-02-15,1.323672,81.0
2022-02-16,1.173293,87.0
2022-02-17,0.46764,80.0
2022-02-18,0.32058,49.0
2022-02-19,0.176513,42.0
2022-02-20,0.036659,48.0
2022-02-21,-0.097481,48.0
2022-02-22,0.332452,38.0
2022-02-23,0.215422,36.0
2022-02-24,-0.446247,32.0
2022-02-25,-0.536963,23.0
2022-02-26,-0.610835,25.0
2022-02-27,-0.665631,32.0
2022-02-28,-0.699589,56.0
2022-03-01,-0.711647,72.0
2022-03-02,-0.701617,78.0
2022-03-03,-0.670243,88.0
2022-03-04,-0.619143,87.0
2022-03-05,-0.550635,85.0
2022-03-06,-0.467509,79.0
2022-03-07,-0.372791,89.0
2022-03-08,-0.269537,91.0
2022-03-09,-0.160686,89.0
2022-03-10,-0.048967,94.0
2022-03-11,0.063147,91.0
2022-03-12,0.173446,91.0
2022-03-13,0.279974,85.0
2022-03-14,0.381001,84.0
2022-03-15,0.474997,75.0
2022-03-16,0.560602,62.0
2022-03-17,0.6366,50.0
2022-03-18,0.701897,35.0
2022-03-19,0.755501,36.0
2022-03-20,0.796509,52.0
2022-03-21,0.82409,51.0
2022-03-22,0.837472,47.0
2022-03-23,0.835922,49.0
2022-03-24,0.818735,51.0
2022-03-25,0.785203,51.0
2022-03-26,0.73459,61.0
2022-03-27,0.666099,96.0
2022-03-28,0.578827,137.0
2022-03-29,0.471712,142.0
2022-03-30,0.34348,115.0
2022-03-31,0.749129,124.0
2022-04-01,0.573605,130.0
2022-04-02,0.37109,121.0
2022-04-03,0.138665,118.0
2022-04-04,-0.127192,82.0
2022-04-05,-0.430634,86.0
2022-04-06,-0.776378,74.0
2022-04-07,-1.169477,57.0
2022-04-08,-1.614814,53.0
2022-04-09,-2.116155,38.0
2022-04-10,-2.673887,21.0
2022-04-11,-3.005568,11.0
2022-04-12,-2.38509,14.0
2022-04-13,-1.764705,33.0
2022-04-14,-1.170491,41.0
2022-04-15,-0.61656,46.0
2022-04-16,-0.113023,64.0
2022-04-17,0.333974,86.0
2022-04-18,0.721674,100.0
2022-04-19,1.049854,95.0
2022-04-20,0.763561,99.0
2022-04-21,0.978926,113.0
2022-04-22,1.143515,111.0
2022-04-23,1.262289,126.0
2022-04-24,1.340704,129.0
2022-04-25,1.384344,119.0
2022-04-26,1.398597,132.0
2022-04-27,1.388419,133.0
2022-04-28,1.358201,134.0
2022-04-29,1.311719,105.0
2022-04-30,1.252149,50.0
2022-05-01,1.182123,36.0
2022-05-02,1.1038,32.0
2022-05-03,1.018944,76.0
2022-05-04,0.929004,77.0
2022-05-05,0.835185,78.0
2022-05-06,0.738511,76.0
2022-05-07,-0.307097,64.0
2022-05-08,-0.40685,80.0
2022-05-09,-0.506925,71.0
2022-05-10,-0.606505,57.0
2022-05-11,-0.704718,80.0
2022-05-12,-0.800611,112.0
2022-05-13,-3.095289,125.0
2022-05-14,-3.183192,131.0
2022-05-15,-3.265144,145.0
2022-05-16,-3.339641,149.0
2022-05-17,-3.405054,146.0
2022-05-18,-3.459666,131.0
2022-05-19,-3.501745,144.0
2022-05-20,-3.529632,132.0
2022-05-21,-3.541857,154.0
2022-05-22,-3.537255,162.0
2022-05-23,-1.312895,144.0
2022-05-24,-3.47504,132.0
2022-05-25,-3.417408,106.0
2022-05-26,-4.598119,81.0
2022-05-27,-4.507953,59.0
2022-05-28,-4.403616,42.0
2022-05-29,-4.286841,43.0
2022-05-30,-4.159481,58.0
2022-05-31,-4.023412,69.0
2022-06-01,-3.880475,62.0
2022-06-02,-1.530245,59.0
2022-06-03,-1.378724,56.0
2022-06-04,-1.225267,66.0
2022-06-05,-1.071303,49.0
2022-06-06,-0.918177,32.0
2022-06-07,-0.767162,7.0
2022-06-08,0.635704,3.0
2022-06-09,0.778824,21.0
2022-06-10,0.916197,46.0
2022-06-11,-1.155549,39.0
2022-06-12,-1.03326,53.0
2022-06-13,-0.92031,94.0
2022-06-14,-0.817894,123.0
2022-06-15,0.219792,148.0
2022-06-16,0.297642,150.0
2022-06-17,0.361531,152.0
2022-06-18,0.410408,147.0
2022-06-19,0.443288,118.0
2022-06-20,1.714448,96.0
2022-06-21,1.712649,96.0
2022-06-22,1.692306,89.0
2022-06-23,1.652694,70.0
2022-06-24,1.593133,61.0
2022-06-25,1.512962,47.0
2022-06-26,1.411512,33.0
2022-06-27,0.03288,52.0
2022-06-28,-0.113332,62.0
2022-06-29,-0.283242,37.0
2022-06-30,-0.477959,42.0
2022-07-01,-0.69883,58.0
2022-07-02,-0.947472,64.0
2022-07-03,-1.225735,56.0
2022-07-04,0.666692,59.0
2022-07-05,-1.877981,78.0
2022-07-06,-2.252389,82.0
2022-07-07,-2.652556,97.0
2022-07-08,-3.060549,87.0
2022-07-09,-1.233246,93.0
2022-07-10,-1.499392,107.0
2022-07-11,-1.563295,125.0
2022-07-12,-1.389932,114.0
2022-07-13,-1.044561,116.0
2022-07-14,-0.623399,123.0
2022-07-15,-0.194829,135.0
2022-07-16,0.204446,151.0
2022-07-17,0.55758,138.0
2022-07-18,0.858314,124.0
2022-07-19,1.105807,111.0
2022-07-20,1.302065,133.0
2022-07-21,-0.751501,110.0
2022-07-22,-0.646079,98.0
2022-07-23,-0.578993,97.0
2022-07-24,-0.545344,80.0
2022-07-25,-0.540442,86.0
2022-07-26,-0.559967,91.0
2022-07-27,-0.600052,60.0
2022-07-28,-0.657311,42.0
2022-07-29,1.473359,43.0
2022-07-30,1.390109,42.0
2022-07-31,1.297256,34.0
2022-08-01,1.196638,27.0
2022-08-02,1.089853,33.0
2022-08-03,0.978321,36.0
2022-08-04,0.863343,42.0
2022-08-05,0.746159,71.0
2022-08-06,0.628001,72.0
2022-08-07,0.510147,85.0
2022-08-08,0.39397,80.0
2022-08-09,0.280981,61.0
2022-08-10,0.172868,63.0
2022-08-11,0.071522,71.0
2022-08-12,-0.020962,102.0
2022-08-13,-0.102305,109.0
2022-08-14,-0.170105,110.0
2022-08-15,-2.424115,110.0
2022-08-16,-2.457684,123.0
2022-08-17,-2.470988,111.0
2022-08-18,-2.462506,87.0
2022-08-19,-2.431343,83.0
2022-08-20,-2.377322,74.0
2022-08-21,-2.300982,58.0
2022-08-22,-0.001323,71.0
2022-08-23,0.115629,50.0
2022-08-24,0.250064,60.0
2022-08-25,0.399851,93.0
2022-08-26,0.562863,94.0
2022-08-27,0.737096,94.0
2022-08-28,0.920729,83.0
2022-08-29,1.112165,70.0
2022-08-30,1.310027,48.0
2022-08-31,1.513141,43.0
2022-09-01,1.720492,62.0
2022-09-02,1.931182,63.0
2022-09-03,2.144376,68.0
2022-09-04,2.359254,72.0
2022-09-05,2.574962,83.0
2022-09-06,2.790575,75.0
2022-09-07,0.802895,96.0
2022-09-08,1.015133,97.0
2022-09-09,1.223848,103.0
2022-09-10,1.427648,117.0
2022-09-11,1.625027,128.0
2022-09-12,1.814377,141.0
2022-09-13,1.994008,118.0
2022-09-14,2.162169,91.0
2022-09-15,2.317068,101.0
2022-09-16,2.456887,92.0
2022-09-17,2.579799,86.0
2022-09-18,2.683981,73.0
2022-09-19,2.767615,70.0
2022-09-20,5.031075,68.0
2022-09-21,5.068218,84.0
2022-09-22,5.07945,105.0
2022-09-23,5.063024,131.0
2022-09-24,4.070254,147.0
2022-09-25,3.993467,135.0
2022-09-26,3.884175,132.0
2022-09-27,3.741089,108.0
2022-09-28,3.563266,85.0
2022-09-29,3.350304,72.0
2022-09-30,1.847392,76.0
2022-10-01,1.566414,110.0
2022-10-02,1.25514,128.0
2022-10-03,0.918437,165.0
2022-10-04,0.563561,167.0
2022-10-05,2.402964,164.0
2022-10-06,2.046454,162.0
2022-10-07,1.715247,163.0
2022-10-08,1.433513,154.0
2022-10-09,1.228078,129.0
2022-10-10,1.121406,120.0
2022-10-11,1.122175,106.0
2022-10-12,1.220443,103.0
2022-10-13,1.392108,83.0
2022-10-14,1.608632,82.0
2022-10-15,1.844791,46.0
2022-10-16,2.081724,75.0
2022-10-17,2.306767,73.0
2022-10-18,2.512119,50.0
2022-10-19,2.693476,49.0
2022-10-20,2.848945,36.0
2022-10-21,2.978241,57.0
2022-10-22,3.08212,70.0
2022-10-23,3.161971,52.0
2022-10-24,3.21953,54.0
2022-10-25,3.256684,78.0
2022-10-26,3.275341,83.0
2022-10-27,3.277351,86.0
2022-10-28,3.264454,89.0
2022-10-29,3.238257,87.0
2022-10-30,3.200226,75.0
2022-10-31,3.151684,63.0
2022-11-01,3.093817,85.0
2022-11-02,3.027688,98.0
2022-11-03,2.954241,78.0
2022-11-04,0.672143,103.0
2022-11-05,0.586496,115.0
2022-11-06,0.495793,96.0
2022-11-07,0.40063,100.0
2022-11-08,0.301544,103.0
2022-11-09,0.199018,98.0
2022-11-10,0.093491,85.0
2022-11-11,-0.014637,74.0
2022-11-12,-0.124992,88.0
2022-11-13,2.521514,111.0
2022-11-14,2.407739,96.0
2022-11-15,1.736186,86.0
2022-11-16,1.6203,90.0
2022-11-17,1.503847,59.0
2022-11-18,1.387163,57.0
2022-11-19,1.270599,75.0
2022-11-20,1.154525,87.0
2022-11-21,1.03933,77.0
2022-11-22,0.925428,73.0
2022-11-23,0.813252,71.0
2022-11-24,0.703252,76.0
2022-11-25,0.595884,72.0
2022-11-26,0.491603,78.0
2022-11-27,0.390845,72.0
2022-11-28,0.294008,56.0
2022-11-29,0.201434,28.0
2022-11-30,0.11338,28.0
2022-12-01,-2.172176,51.0
2022-12-02,-2.250852,71.0
2022-12-03,-2.324939,75.0
2022-12-04,-2.394707,93.0
2022-12-05,-2.460585,103.0
2022-12-06,-2.523163,119.0
2022-12-07,-2.58318,127.0
2022-12-08,-2.641514,128.0
2022-12-09,-2.699162,111.0
2022-12-10,-2.757222,122.0
2022-12-11,-2.816871,140.0
2022-12-12,-2.87935,157.0
2022-12-13,-0.743763,159.0
2022-12-14,-0.815778,148.0
2022-12-15,-0.894542,141.0
2022-12-16,-0.981373,131.0
2022-12-17,-1.077548,131.0
2022-12-18,-3.386431,127.0
2022-12-19,-3.504663,113.0
2022-12-20,-5.837223,112.0
2022-12-21,-5.979685,100.0
2022-12-22,-6.132852,98.0
2022-12-23,-4.090777,85.0
2022-12-24,-4.249725,93.0
2022-12-25,-4.392107,105.0
2022-12-26,-4.492017,115.0
2022-12-27,-2.3125,94.0
2022-12-28,-2.228391,103.0
2022-12-29,-2.032523,123.0
2022-12-30,-1.744875,124.0
2022-12-31,-1.394376,98.0
2023-01-01,-3.209779,108.0
2023-01-02,-2.80824,109.0
2023-01-03,-2.408887,108.0
2023-01-04,-2.024984,96.0
2023-01-05,0.53538,112.0
2023-01-06,-0.086936,131.0
2023-01-07,0.198507,133.0
2023-01-08,0.441032,135.0
2023-01-09,0.638971,148.0
2023-01-10,1.739647,179.0
2023-01-11,1.851246,168.0
2023-01-12,1.92427,171.0
2023-01-13,1.963085,178.0
2023-01-14,1.972368,189.0
2023-01-15,1.956699,199.0
2023-01-16,1.920271,190.0
2023-01-17,1.866747,188.0
2023-01-18,1.799211,195.0
2023-01-19,2.276747,205.0
2023-01-20,2.188246,206.0
2023-01-21,2.091844,195.0
2023-01-22,1.988749,166.0
2023-01-23,1.879867,162.0
2023-01-24,1.765866,151.0
2023-01-25,1.090656,137.0
2023-01-26,0.967685,110.0
2023-01-27,0.840603,86.0
2023-01-28,0.709539,85.0
2023-01-29,0.574565,79.0
2023-01-30,0.435721,76.0
2023-01-31,0.293043,80.0
2023-02-01,0.146583,72.0
2023-02-02,-0.003556,58.0
2023-02-03,-0.15719,64.0
2023-02-04,-0.314006,71.0
2023-02-05,-0.473515,74.0
2023-02-06,-0.63498,111.0
2023-02-07,-0.797329,107.0
2023-02-08,-0.959045,125.0
2023-02-09,-1.118035,129.0
2023-02-10,-1.271471,163.0
2023-02-11,-1.415639,166.0
2023-02-12,-1.54584,159.0
2023-02-13,-1.65643,177.0
2023-02-14,-1.741176,159.0
2023-02-15,-1.237475,121.0
2023-02-16,-1.253777,91.0
2023-02-17,-1.23142,86.0
2023-02-18,-1.171495,104.0
2023-02-19,-1.077959,107.0
2023-02-20,-0.956583,112.0
2023-02-21,-0.813755,104.0
2023-02-22,-0.655587,86.0
2023-02-23,-0.487448,90.0
2023-02-24,-0.313821,117.0
2023-02-25,-0.138339,127.0
2023-02-26,0.03609,119.0
2023-02-27,0.207156,126.0
2023-02-28,0.373012,91.0
2023-03-01,0.532174,93.0
2023-03-02,0.683423,100.0
2023-03-03,0.82574,119.0
2023-03-04,0.958246,127.0
2023-03-05,1.080158,151.0
2023-03-06,1.190762,185.0
2023-03-07,1.289381,186.0
2023-03-08,1.375362,166.0
2023-03-09,1.448061,156.0
2023-03-10,0.95027,148.0
2023-03-11,0.994452,149.0
2023-03-12,1.023363,136.0
2023-03-13,1.036284,104.0
2023-03-14,1.032442,115.0
2023-03-15,1.010994,107.0
2023-03-16,0.971001,94.0
2023-03-17,0.911404,72.0
2023-03-18,0.830989,44.0
2023-03-19,0.72836,73.0
2023-03-20,0.601912,83.0
2023-03-21,0.44982,96.0
2023-03-22,0.270089,104.0
2023-03-23,0.060696,112.0
2023-03-24,-0.180026,149.0
2023-03-25,0.104051,153.0
2023-03-26,-0.197504,154.0
2023-03-27,-0.518379,158.0
2023-03-28,-0.83408,148.0
2023-03-29,-1.093339,158.0
2023-03-30,-1.213332,108.0
2023-03-31,-1.119832,75.0
2023-04-01,-0.819816,47.0
2023-04-02,-0.390085,44.0
2023-04-03,-0.464527,61.0
2023-04-04,0.019743,65.0
2023-04-05,0.478803,53.0
2023-04-06,0.899292,49.0
2023-04-07,1.275408,48.0
2023-04-08,1.605201,48.0
2023-04-09,1.888795,60.0
2023-04-10,1.180658,90.0
2023-04-11,1.377188,109.0
2023-04-12,1.534568,130.0
2023-04-13,2.603391,150.0
2023-04-14,2.693488,163.0
2023-04-15,2.75558,177.0
2023-04-16,2.793189,183.0
2023-04-17,2.809516,149.0
2023-04-18,2.807396,135.0
2023-04-19,2.789289,103.0
2023-04-20,0.555119,103.0
2023-04-21,0.511019,104.0
2023-04-22,0.456301,97.0
2023-04-23,2.594384,83.0
2023-04-24,2.521945,73.0
2023-04-25,2.442017,73.0
2023-04-26,2.355307,97.0
2023-04-27,2.818962,109.0
2023-04-28,2.720347,111.0
2023-04-29,2.05987,111.0
2023-04-30,1.950998,102.0
2023-05-01,1.837468,104.0
2023-05-02,1.719543,123.0
2023-05-03,1.597468,124.0
2023-05-04,1.471481,138.0
2023-05-05,1.341832,115.0
2023-05-06,1.208797,116.0
2023-05-07,1.072704,133.0
2023-05-08,0.933952,128.0
2023-05-09,0.793045,176.0
2023-05-10,1.207189,165.0
2023-05-11,0.507519,157.0
2023-05-12,0.364766,145.0
2023-05-13,0.223686,133.0
2023-05-14,0.085909,131.0
2023-05-15,-0.046584,113.0
2023-05-16,-0.17145,106.0
2023-05-17,0.270547,110.0
2023-05-18,0.169211,120.0
2023-05-19,0.08412,142.0
2023-05-20,0.018147,144.0
2023-05-21,-0.026283,146.0
2023-05-22,-0.047496,136.0
2023-05-23,-0.044835,127.0
2023-05-24,-0.018781,151.0
2023-05-25,0.029084,150.0
2023-05-26,0.096269,145.0
2023-05-27,0.179664,137.0
2023-05-28,0.275853,144.0
2023-05-29,0.381381,158.0
2023-05-30,0.492954,166.0
2023-05-31,0.607558,177.0
2023-06-01,0.722517,153.0
2023-06-02,0.835493,145.0
2023-06-03,0.944466,143.0
2023-06-04,1.04769,144.0
2023-06-05,1.143655,158.0
2023-06-06,0.674471,185.0
2023-06-07,0.752078,198.0
2023-06-08,0.818835,181.0
2023-06-09,0.873736,167.0
2023-06-10,0.915813,148.0
2023-06-11,0.944111,146.0
2023-06-12,0.957658,114.0
2023-06-13,0.955432,93.0
2023-06-14,0.936336,117.0
2023-06-15,0.89916,122.0
2023-06-16,0.842547,131.0
2023-06-17,0.764947,130.0
2023-06-18,0.664585,160.0
2023-06-19,0.539419,182.0
2023-06-20,0.387118,206.0
2023-06-21,0.761637,217.0
2023-06-22,0.54705,240.0
2023-06-23,0.297152,228.0
2023-06-24,0.009719,223.0
2023-06-25,-0.3159,204.0
2023-06-26,-0.676771,171.0
2023-06-27,-1.062433,156.0
2023-06-28,-1.446899,136.0
2023-06-29,-1.773127,111.0
2023-06-30,-1.940218,106.0
2023-07-01,-1.867515,136.0
2023-07-02,-1.608928,148.0
2023-07-03,-1.27572,154.0
2023-07-04,-0.937601,140.0
2023-07-05,-0.625768,135.0
2023-07-06,-0.351986,145.0
2023-07-07,-0.11892,159.0
2023-07-08,0.074988,177.0
2023-07-09,0.233142,180.0
2023-07-10,-0.196967,191.0
2023-07-11,-0.098121,210.0
2023-07-12,-0.023036,196.0
2023-07-13,-2.170415,152.0
2023-07-14,-2.132839,152.0
2023-07-15,-2.109817,127.0
2023-07-16,-2.09904,166.0
2023-07-17,0.103657,159.0
2023-07-18,0.095637,168.0
2023-07-19,0.080565,165.0
2023-07-20,0.059746,177.0
2023-07-21,0.034338,150.0
2023-07-22,0.561949,140.0
2023-07-23,-0.026138,144.0
2023-07-24,-0.059321,140.0
2023-07-25,-0.093267,138.0
2023-07-26,0.429479,153.0
2023-07-27,0.396712,146.0
2023-07-28,0.365949,165.0
2023-07-29,0.338197,178.0
2023-07-30,0.314527,181.0
2023-07-31,-0.260495,187.0
2023-08-01,-0.27256,180.0
2023-08-02,-0.277014,163.0
2023-08-03,-0.272632,145.0
2023-08-04,-0.258227,132.0
2023-08-05,-0.232691,131.0
2023-08-06,-0.195053,122.0
2023-08-07,-0.144528,126.0
2023-08-08,-0.08056,123.0
2023-08-09,-0.002855,102.0
2023-08-10,0.088612,109.0
2023-08-11,0.193602,105.0
2023-08-12,0.311639,80.0
2023-08-13,0.442049,101.0
2023-08-14,0.584018,118.0
2023-08-15,0.736635,122.0
2023-08-16,0.898952,148.0
2023-08-17,1.070019,145.0
2023-08-18,1.24892,124.0
2023-08-19,1.43479,130.0
2023-08-20,1.62682,101.0
2023-08-21,1.824253,110.0
2023-08-22,1.079382,114.0
2023-08-23,1.285455,105.0
2023-08-24,1.494755,92.0
2023-08-25,1.706502,90.0
2023-08-26,1.919837,91.0
2023-08-27,2.133804,84.0
2023-08-28,2.347329,82.0
2023-08-29,2.559212,90.0
2023-08-30,2.768117,104.0
2023-08-31,2.972577,89.0
2023-09-01,3.170993,86.0
2023-09-02,2.161125,82.0
2023-09-03,2.342172,91.0
2023-09-04,2.511669,102.0
2023-09-05,2.667558,115.0
2023-09-06,2.807677,120.0
2023-09-07,4.130274,132.0
2023-09-08,4.231925,117.0
2023-09-09,4.310646,133.0
2023-09-10,3.108617,173.0
2023-09-11,3.133492,190.0
2023-09-12,3.12725,145.0
2023-09-13,3.087028,131.0
2023-09-14,3.010016,134.0
2023-09-15,2.893617,109.0
2023-09-16,2.735676,88.0
2023-09-17,2.534814,89.0
2023-09-18,2.29087,127.0
2023-09-19,2.00543,149.0
2023-09-20,1.682404,170.0
2023-09-21,1.328576,194.0
2023-09-22,3.156219,200.0
2023-09-23,2.774696,196.0
2023-09-24,2.403749,176.0
2023-09-25,2.06484,169.0
2023-09-26,1.782491,140.0
2023-09-27,1.581039,133.0
2023-09-28,1.478217,116.0
2023-09-29,1.478163,103.0
2023-09-30,1.569304,117.0
2023-10-01,1.729275,151.0
2023-10-02,1.932889,168.0
2023-10-03,2.158022,144.0
2023-10-04,2.387855,154.0
2023-10-05,2.610713,159.0
2023-10-06,2.819012,158.0
2023-10-07,3.00816,134.0
2023-10-08,3.175663,144.0
2023-10-09,3.320467,153.0
2023-10-10,3.442488,132.0
2023-10-11,3.542266,145.0
2023-10-12,3.620733,137.0
2023-10-13,3.679039,113.0
2023-10-14,3.718439,111.0
2023-10-15,3.740215,104.0
2023-10-16,3.745622,97.0
2023-10-17,4.292426,74.0
2023-10-18,4.268629,66.0
2023-10-19,4.231841,57.0
2023-10-20,4.183021,67.0
2023-10-21,4.123048,68.0
2023-10-22,3.496154,55.0
2023-10-23,3.416182,34.0
2023-10-24,3.327214,39.0
2023-10-25,3.229829,33.0
2023-10-26,3.12454,54.0
2023-10-27,0.809622,58.0
2023-10-28,0.689823,49.0
2023-10-29,0.563305,58.0
2023-10-30,0.43035,73.0
2023-10-31,0.291188,107.0
2023-11-01,0.14599,115.0
2023-11-02,2.19705,122.0
2023-11-03,2.040074,121.0
2023-11-04,1.877234,92.0
2023-11-05,1.708469,91.0
2023-11-06,1.53365,77.0
2023-11-07,1.352586,78.0
2023-11-08,1.165024,113.0
2023-11-09,0.970651,99.0
2023-11-10,0.769102,94.0
2023-11-11,0.559969,81.0
2023-11-12,0.34282,82.0
2023-11-13,0.117214,73.0
2023-11-14,-0.117269,60.0
2023-11-15,-0.360999,33.0
2023-11-16,-0.614261,30.0
2023-11-17,-0.877215,26.0
2023-11-18,-1.149854,32.0
2023-11-19,-1.43196,68.0
2023-11-20,-1.723053,96.0
2023-11-21,-2.022326,153.0
2023-11-22,-2.328525,160.0
2023-11-23,-2.639654,186.0
2023-11-24,-2.951941,167.0
2023-11-25,-2.698061,177.0
2023-11-26,-2.926892,171.0
2023-11-27,-2.828668,158.0
2023-11-28,-2.556861,150.0
2023-11-29,-2.827054,161.0
2023-11-30,-2.547592,148.0
2023-12-01,-2.27985,123.0
2023-12-02,-2.025552,100.0
2023-12-03,-1.785461,104.0
2023-12-04,-1.559951,113.0
2023-12-05,-1.349223,107.0
2023-12-06,-1.15342,134.0
2023-12-07,-0.416155,125.0
2023-12-08,-0.25082,113.0
2023-12-09,-0.101282,127.0
2023-12-10,0.031806,123.0
2023-12-11,0.147513,92.0
2023-12-12,0.244564,96.0
2023-12-13,0.321289,110.0
2023-12-14,-0.180979,117.0
2023-12-15,-0.151669,114.0
2023-12-16,-0.150316,124.0
2023-12-17,-0.18021,112.0
2023-12-18,-0.244764,138.0
2023-12-19,-0.347201,150.0
2023-12-20,-0.490122,149.0
2023-12-21,-0.674953,152.0
2023-12-22,-0.901332,148.0
2023-12-23,-1.166468,138.0
2023-12-24,-1.464539,117.0
2023-12-25,-1.786075,113.0
2023-12-26,-2.117023,110.0
2023-12-27,-2.436527,76.0
2023-12-28,-2.154859,95.0
2023-12-29,-2.332106,83.0
2023-12-30,-2.357674,65.0
2023-12-31,-2.243891,52.0
2024-01-01,-2.058491,55.0
2024-01-02,-1.852693,68.0
2024-01-03,-1.650495,59.0
2024-01-04,-1.461541,100.0
2024-01-05,-1.289159,119.0
2024-01-06,-1.133903,148.0
2024-01-07,-0.995111,172.0
2024-01-08,-0.871608,162.0
2024-01-09,-1.31861,158.0
2024-01-10,-1.221636,178.0
2024-01-11,-1.135953,186.0
2024-01-12,-1.060364,182.0
2024-01-13,-0.993773,181.0
2024-01-14,-0.935186,161.0
2024-01-15,-0.883698,140.0
2024-01-16,-0.838486,134.0
2024-01-17,-0.242233,147.0
2024-01-18,-0.763927,130.0
2024-01-19,-0.733233,143.0
2024-01-20,-0.706102,134.0
2024-01-21,-0.681956,155.0
2024-01-22,-0.660241,166.0
2024-01-23,-0.640425,148.0
2024-01-24,-0.621993,124.0
2024-01-25,-0.604445,92.0
2024-01-26,-0.587297,83.0
2024-01-27,-0.570082,64.0
2024-01-28,-0.552352,68.0
2024-01-29,0.022878,74.0
2024-01-30,0.042882,74.0
2024-01-31,0.06458,100.0
2024-02-01,0.088291,117.0
2024-02-02,0.114279,122.0
2024-02-03,0.142753,124.0
2024-02-04,0.173857,135.0
2024-02-05,-0.3489,158.0
2024-02-06,-0.312401,159.0
2024-02-07,-0.273289,148.0
2024-02-08,-0.231728,161.0
2024-02-09,-0.187959,127.0
2024-02-10,-0.142297,151.0
2024-02-11,-0.095124,162.0
2024-02-12,-0.046886,156.0
2024-02-13,0.001918,136.0
2024-02-14,0.050746,141.0
2024-02-15,0.099017,150.0
2024-02-16,0.146123,139.0
2024-02-17,0.747999,113.0
2024-02-18,0.790878,100.0
2024-02-19,0.830669,73.0
2024-02-20,0.866711,54.0
2024-02-21,0.89834,49.0
2024-02-22,0.924883,56.0
2024-02-23,0.389099,104.0
2024-02-24,0.403416,108.0
2024-02-25,-1.79162,115.0
2024-02-26,-1.792396,132.0
2024-02-27,-1.801873,120.0
2024-02-28,-1.820883,130.0
2024-02-29,-1.850325,126.0
2024-03-01,-1.891173,117.0
2024-03-02,-1.944495,96.0
2024-03-03,-2.011462,102.0
2024-03-04,0.108831,109.0
2024-03-05,0.010666,110.0
2024-03-06,-0.105191,100.0
2024-03-07,-0.240087,96.0
2024-03-08,0.161475,102.0
2024-03-09,-0.013978,96.0
2024-03-10,-0.208699,77.0
2024-03-11,-3.1772,74.0
2024-03-12,-3.392113,83.0
2024-03-13,-3.5926,81.0
2024-03-14,-3.745186,68.0
2024-03-15,-3.80422,52.0
2024-03-16,-1.527483,62.0
2024-03-17,-1.312097,73.0
2024-03-18,-0.986091,120.0
2024-03-19,-0.594691,132.0
2024-03-20,-0.177965,123.0
2024-03-21,0.235648,159.0
2024-03-22,0.628285,163.0
2024-03-23,0.989704,154.0
2024-03-24,1.314601,161.0
2024-03-25,1.60079,163.0
2024-03-26,1.848118,138.0
2024-03-27,2.057852,113.0
2024-03-28,2.23225,98.0
2024-03-29,2.374213,79.0
2024-03-30,2.486969,51.0
2024-03-31,2.573814,63.0
2024-04-01,2.637925,31.0
2024-04-02,2.682231,36.0
2024-04-03,2.709348,37.0
2024-04-04,2.721557,49.0
2024-04-05,2.720811,78.0
2024-04-06,0.506578,80.0
2024-04-07,0.484587,83.0
2024-04-08,0.453796,78.0
2024-04-09,0.41514,56.0
2024-04-10,0.369379,56.0
2024-04-11,0.317128,91.0
2024-04-12,0.258886,87.0
2024-04-13,0.195049,121.0
2024-04-14,0.125934,150.0
2024-04-15,2.253967,171.0
2024-04-16,2.174987,185.0
2024-04-17,2.091319,211.0
2024-04-18,2.003078,224.0
2024-04-19,2.466908,242.0
2024-04-20,2.369748,232.0
2024-04-21,2.268205,233.0
2024-04-22,2.162315,266.0
2024-04-23,1.495547,268.0
2024-04-24,1.381058,251.0
2024-04-25,-0.939848,211.0
2024-04-26,1.139421,142.0
2024-04-27,1.012426,138.0
2024-04-28,0.881479,117.0
2024-04-29,0.746776,99.0
2024-04-30,0.608593,86.0
2024-05-01,0.467316,119.0
2024-05-02,0.323469,144.0
2024-05-03,0.177753,160.0
2024-05-04,0.031088,186.0
2024-05-05,-0.115341,185.0
2024-05-06,-0.26004,205.0
2024-05-07,-0.401157,192.0
2024-05-08,-0.536463,171.0
2024-05-09,-2.865528,181.0
2024-05-10,-2.981067,172.0
2024-05-11,-3.082122,173.0
2024-05-12,-3.165565,199.0
2024-05-13,-3.228569,244.0
2024-05-14,-3.268949,203.0
2024-05-15,-3.285492,208.0
2024-05-16,-3.278157,213.0
2024-05-17,-3.248112,203.0
2024-05-18,-3.19756,180.0
2024-05-19,-3.129437,181.0
2024-05-20,-3.047052,155.0
2024-05-21,-2.953774,177.0
2024-05-22,-2.852792,165.0
2024-05-23,-3.693958,143.0
2024-05-24,-3.5858,142.0
2024-05-25,-3.477402,112.0
2024-05-26,-3.370519,130.0
2024-05-27,-3.266597,144.0
2024-05-28,-3.166842,164.0
2024-05-29,-0.870097,169.0
2024-05-30,-0.781605,159.0
2024-05-31,0.246972,156.0
2024-06-01,0.320876,178.0
2024-06-02,0.386258,205.0
2024-06-03,0.442213,213.0
2024-06-04,0.487709,213.0
2024-06-05,0.521545,181.0
2024-06-06,0.542318,158.0
2024-06-07,-1.65377,163.0
2024-06-08,-1.664203,173.0
2024-06-09,-1.693147,154.0
2024-06-10,-1.74263,124.0
2024-06-11,-1.814504,106.0
2024-06-12,-1.910142,124.0
2024-06-13,-2.030026,151.0
2024-06-14,-2.173295,158.0
2024-06-15,0.421435,148.0
2024-06-16,-0.315157,151.0
2024-06-17,-0.504401,140.0
2024-06-18,-0.694344,133.0
2024-06-19,-0.875594,151.0
2024-06-20,-1.039078,165.0
2024-06-21,-0.620837,150.0
2024-06-22,-0.729428,159.0
2024-06-23,-0.807132,163.0
2024-06-24,-0.855989,153.0
2024-06-25,-0.880343,146.0
2024-06-26,-0.885659,179.0
2024-06-27,-0.877469,174.0
2024-06-28,-0.860687,179.0
2024-06-29,-0.839313,219.0
2024-06-30,-0.816404,212.0
2024-07-01,-0.794191,198.0
2024-07-02,-0.774248,197.0
2024-07-03,-0.757657,178.0
2024-07-04,-0.745139,138.0
2024-07-05,-0.737172,138.0
2024-07-06,-0.734061,128.0
2024-07-07,-0.736004,121.0
2024-07-08,-0.743123,111.0
2024-07-09,-0.755494,143.0
2024-07-10,-0.773163,183.0
2024-07-11,-0.796154,172.0
2024-07-12,-0.824471,162.0
2024-07-13,-0.858095,176.0
2024-07-14,-0.896979,211.0
2024-07-15,-0.941038,242.0
2024-07-16,-0.990127,286.0
2024-07-17,-1.044025,284.0
2024-07-18,-1.102403,290.0
2024-07-19,-1.164783,274.0
2024-07-20,-1.23049,228.0
2024-07-21,-1.298586,219.0
2024-07-22,-1.367793,172.0
2024-07-23,-1.436394,173.0
2024-07-24,-1.502141,173.0
2024-07-25,-1.562168,180.0
2024-07-26,-1.612968,198.0
2024-07-27,-1.650488,210.0
2024-07-28,-1.67043,202.0
2024-07-29,-1.66877,213.0
2024-07-30,-1.642422,231.0
2024-07-31,-1.589813,270.0
2024-08-01,-1.511128,259.0
2024-08-02,-1.408119,241.0
2024-08-03,-1.283615,231.0
2024-08-04,-1.140973,231.0
2024-08-05,-0.983636,214.0
2024-08-06,-0.814863,240.0
2024-08-07,-0.637587,275.0
2024-08-08,-0.454373,285.0
2024-08-09,-0.267425,264.0
2024-08-10,-0.07861,250.0
2024-08-11,-0.446056,245.0
2024-08-12,-0.25794,230.0
2024-08-13,-0.0719,209.0
2024-08-14,0.111183,178.0
2024-08-15,0.290583,157.0
2024-08-16,0.465699,199.0
2024-08-17,0.636021,198.0
2024-08-18,0.8011,202.0
2024-08-19,0.960518,225.0
2024-08-20,1.113862,217.0
2024-08-21,0.313712,210.0
2024-08-22,0.453543,213.0
2024-08-23,0.585811,214.0
2024-08-24,0.709851,223.0
2024-08-25,0.824867,204.0
2024-08-26,0.929898,220.0
2024-08-27,1.970768,182.0
2024-08-28,2.052125,189.0
2024-08-29,2.119282,153.0
2024-08-30,2.170256,158.0
2024-08-31,2.202717,181.0
2024-09-01,2.213961,170.0
2024-09-02,2.200918,182.0
2024-09-03,-0.041983,171.0
2024-09-04,-0.114,169.0
2024-09-05,-0.220956,170.0
2024-09-06,-0.36626,177.0
2024-09-07,-0.552742,168.0
2024-09-08,-0.78225,156.0
2024-09-09,-1.055236,152.0
2024-09-10,-1.370288,141.0
2024-09-11,-1.72348,147.0
2024-09-12,0.094896,132.0
2024-09-13,-0.306584,109.0
2024-09-14,-0.705011,107.0
2024-09-15,-1.069655,95.0
2024-09-16,-1.360498,132.0
2024-09-17,-1.537283,132.0
2024-09-18,-1.579585,102.0
2024-09-19,-1.502194,105.0
2024-09-20,-1.344511,117.0
2024-09-21,-1.146751,122.0
2024-09-22,-0.937388,129.0
2024-09-23,-0.176422,123.0
2024-09-24,0.014627,134.0
2024-09-25,0.188722,129.0
2024-09-26,0.344874,136.0
2024-09-27,0.483433,154.0
2024-09-28,0.605382,154.0
2024-09-29,0.711952,149.0
2024-09-30,0.247866,169.0
2024-10-01,0.32748,213.0
2024-10-02,0.395369,211.0
2024-10-03,0.452556,207.0
2024-10-04,0.499946,210.0
2024-10-05,0.538331,182.0
2024-10-06,0.568397,170.0
2024-10-07,0.590735,163.0
2024-10-08,0.605846,140.0
2024-10-09,0.614154,142.0
2024-10-10,0.61601,141.0
2024-10-11,0.611699,136.0
2024-10-12,0.601446,125.0
2024-10-13,0.585423,137.0
2024-10-14,0.563751,136.0
2024-10-15,0.536505,109.0
2024-10-16,0.503716,119.0
2024-10-17,0.465379,143.0
2024-10-18,0.421448,138.0
2024-10-19,0.371849,132.0
2024-10-20,0.316474,134.0
2024-10-21,0.255187,162.0
2024-10-22,0.18783,117.0
2024-10-23,0.114219,120.0
2024-10-24,0.034155,135.0
2024-10-25,-0.052578,180.0
2024-10-26,-0.146208,217.0
2024-10-27,-0.246968,241.0
2024-10-28,-0.355097,244.0
2024-10-29,-0.470825,221.0
2024-10-30,-0.594375,205.0
2024-10-31,-0.725949,209.0
2024-11-01,-0.865718,223.0
2024-11-02,-1.01381,211.0
2024-11-03,-1.170288,207.0
2024-11-04,-1.335129,191.0
2024-11-05,-1.508188,207.0
2024-11-06,-1.689143,207.0
2024-11-07,-4.079588,210.0
2024-11-08,-4.274181,189.0
2024-11-09,-4.473433,164.0
2024-11-10,-4.674471,160.0
2024-11-11,-4.87209,151.0
2024-11-12,-5.056307,117.0
2024-11-13,-5.207517,111.0
2024-11-14,-5.291713,91.0
2024-11-15,-6.221879,71.0
2024-11-16,-6.108109,73.0
2024-11-17,-5.932573,96.0
2024-11-18,-5.72508,115.0
2024-11-19,-5.502216,124.0
2024-11-20,-5.272618,123.0
2024-11-21,-5.041024,118.0
2024-11-22,-4.810268,146.0
2024-11-23,-1.43306,152.0
2024-11-24,-1.209079,172.0
2024-11-25,-3.192479,171.0
2024-11-26,-2.979981,159.0
2024-11-27,-2.77492,205.0
2024-11-28,-2.578657,172.0
2024-11-29,-2.392885,163.0
2024-11-30,-0.017573,124.0
2024-12-01,0.140208,124.0
2024-12-02,0.279253,133.0
2024-12-03,0.395499,122.0
2024-12-04,0.484282,123.0
2024-12-05,-0.406392,120.0
2024-12-06,-0.387478,105.0
2024-12-07,-0.410169,133.0
2024-12-08,-0.477294,140.0
2024-12-09,-1.844937,115.0
2024-12-10,-2.00136,135.0
2024-12-11,-2.198248,108.0
2024-12-12,-2.430292,106.0
2024-12-13,-0.488694,112.0
2024-12-14,-0.770315,99.0
2024-12-15,-1.064865,103.0
2024-12-16,-1.36361,99.0
2024-12-17,-1.65685,90.0
2024-12-18,-1.93314,113.0
2024-12-19,-2.178059,128.0
2024-12-20,-2.373117,149.0
2024-12-21,-2.497258,164.0
2024-12-22,-2.534917,183.0
2024-12-23,-2.487548,224.0
2024-12-24,-2.374079,223.0
2024-12-25,-2.2185,241.0
2024-12-26,-2.039966,255.0
2024-12-27,-1.850894,257.0
2024-12-28,-1.65861,254.0
2024-12-29,-1.467242,233.0
2024-12-30,-1.279014,218.0
2024-12-31,-1.095044,183.0
2025-01-01,-0.915808,198.0
2025-01-02,-0.741403,187.0
2025-01-03,-0.571715,199.0
2025-01-04,-0.406513,211.0
2025-01-05,-0.245505,194.0
2025-01-06,-0.088378,169.0
2025-01-07,0.065182,133.0
2025-01-08,-1.986699,120.0
2025-01-09,-1.839388,158.0
2025-01-10,-1.694812,129.0
2025-01-11,-1.552752,108.0
2025-01-12,-1.413022,112.0
2025-01-13,-1.275478,90.0
2025-01-14,-1.140011,78.0
2025-01-15,-1.006559,84.0
2025-01-16,-0.875103,127.0
2025-01-17,-0.745671,150.0
2025-01-18,-0.618342,141.0
2025-01-19,1.708931,150.0
2025-01-20,-0.37057,185.0
2025-01-21,-0.250554,166.0
2025-01-22,-0.133498,147.0
2025-01-23,-0.019756,172.0
2025-01-24,0.090262,138.0
2025-01-25,0.196091,120.0
2025-01-26,2.499397,108.0
2025-01-27,2.595272,56.0
2025-01-28,2.685305,78.0
2025-01-29,2.768881,84.0
2025-01-30,2.845369,108.0
2025-01-31,2.914135,147.0
2025-02-01,2.974552,159.0
2025-02-02,3.026011,183.0
2025-02-03,3.067933,189.0
2025-02-04,3.099779,177.0
2025-02-05,3.121056,165.0
2025-02-06,3.131324,186.0
2025-02-07,3.1302,164.0
2025-02-08,3.117357,135.0
2025-02-09,3.092522,130.0
2025-02-10,3.055472,115.0
2025-02-11,0.803849,95.0
2025-02-12,-0.205122,101.0
2025-02-13,-0.279782,114.0
2025-02-14,-0.367225,161.0
2025-02-15,-0.467561,170.0
2025-02-16,-0.580911,205.0
2025-02-17,0.239576,203.0
2025-02-18,0.099796,173.0
2025-02-19,2.148766,135.0
2025-02-20,1.982027,144.0
2025-02-21,1.801749,167.0
2025-02-22,1.608149,182.0
2025-02-23,1.401882,189.0
2025-02-24,1.18442,169.0
2025-02-25,0.95867,169.0
2025-02-26,0.729938,126.0
2025-02-27,0.507294,135.0
2025-02-28,0.30512,119.0
2025-03-01,0.143976,116.0
2025-03-02,0.048933,146.0
2025-03-03,-2.158804,123.0
2025-03-04,-2.062824,153.0
2025-03-05,-1.871258,143.0
2025-03-06,-1.605824,129.0
2025-03-07,0.90707,106.0
2025-03-08,1.235943,90.0
2025-03-09,1.56125,101.0
2025-03-10,1.86717,107.0
2025-03-11,-0.059237,142.0
2025-03-12,0.179765,157.0
2025-03-13,0.378802,173.0
2025-03-14,0.537442,182.0
2025-03-15,0.657327,183.0
2025-03-16,0.741493,206.0
2025-03-17,2.048933,205.0
2025-03-18,2.073319,196.0
2025-03-19,2.073828,165.0
2025-03-20,2.054138,163.0
2025-03-21,2.964495,151.0
2025-03-22,2.913754,173.0
2025-03-23,2.851271,126.0
2025-03-24,1.832036,78.0
2025-03-25,1.751624,79.0
2025-03-26,1.664355,46.0
2025-03-27,1.571273,82.0
2025-03-28,1.473197,78.0
2025-03-29,1.370769,91.0
2025-03-30,1.264474,128.0
2025-03-31,1.154677,141.0
2025-04-01,1.041636,160.0
2025-04-02,1.872504,150.0
2025-04-03,1.753421,164.0
2025-04-04,1.631408,191.0
2025-04-05,1.506455,187.0
2025-04-06,1.378508,180.0
2025-04-07,1.247477,162.0
2025-04-08,1.113244,147.0
2025-04-09,0.975663,141.0
2025-04-10,0.83457,139.0
2025-04-11,0.689785,131.0
2025-04-12,0.541121,122.0
2025-04-13,0.94495,106.0
2025-04-14,0.787961,88.0
2025-04-15,0.626543,75.0
2025-04-16,0.460544,92.0
2025-04-17,0.28984,110.0
2025-04-18,0.114355,118.0
2025-04-19,-0.065938,117.0
2025-04-20,-0.250993,134.0
2025-04-21,-0.440686,142.0
2025-04-22,-0.634796,185.0
2025-04-23,-1.389554,166.0
2025-04-24,-1.591379,202.0
2025-04-25,-1.79623,203.0
2025-04-26,-2.003338,173.0
2025-04-27,-2.211727,135.0
2025-04-28,-2.420149,123.0
2025-04-29,-2.626933,111.0
2025-04-30,-2.273083,88.0
2025-05-01,-2.467631,62.0
2025-05-02,-2.645668,42.0
2025-05-03,-2.786709,57.0
2025-05-04,-2.845128,75.0
2025-05-05,-2.790463,93.0
2025-05-06,-2.668991,88.0
2025-05-07,-2.526697,75.0
2025-05-08,-2.382154,81.0
2025-05-09,-2.242323,72.0
2025-05-10,-2.666685,70.0
2025-05-11,-2.543447,66.0
2025-05-12,-2.429768,60.0
2025-05-13,-2.325849,59.0
2025-05-14,-2.231642,46.0
2025-05-15,-2.146915,40.0
2025-05-16,-2.071279,59.0
2025-05-17,-2.004185,52.0
2025-05-18,-1.388345,56.0
2025-05-19,-1.335942,65.0
2025-05-20,-1.289217,75.0
2025-05-21,-1.246652,90.0
2025-05-22,-1.20635,97.0
2025-05-23,-1.165986,117.0
2025-05-24,-1.122797,98.0
2025-05-25,-1.073653,95.0
2025-05-26,-1.015246,108.0
2025-05-27,-0.944434,102.0
2025-05-28,-0.85873,107.0
2025-05-29,-0.756865,98.0
2025-05-30,-0.639276,115.0
2025-05-31,-0.50835,114.0
2025-06-01,-0.368306,124.0
2025-06-02,-0.224691,106.0
2025-06-03,-0.640174,93.0
2025-06-04,-0.507448,94.0
2025-06-05,-0.387893,87.0
2025-06-06,-0.284884,97.0
2025-06-07,0.356322,86.0
2025-06-08,0.422186,60.0
2025-06-09,0.469937,89.0
2025-06-10,0.500952,113.0
2025-06-11,0.516979,145.0
2025-06-12,0.519869,142.0
2025-06-13,0.511401,152.0
2025-06-14,0.493174,154.0
2025-06-15,0.466565,151.0
2025-06-16,0.432718,127.0
2025-06-17,0.392557,117.0
2025-06-18,0.346807,133.0
2025-06-19,0.296025,131.0
2025-06-20,-0.315935,113.0
2025-06-21,-0.375655,95.0
2025-06-22,-2.641675,99.0
2025-06-23,-2.709521,94.0
2025-06-24,-2.781314,85.0
2025-06-25,-2.857052,95.0
2025-06-26,-2.936771,104.0
2025-06-27,-3.020542,116.0
2025-06-28,-3.108462,136.0
2025-06-29,-0.998466,151.0
2025-06-30,-1.095035,150.0
2025-07-01,-1.196122,147.0
2025-07-02,-1.301856,137.0
2025-07-03,-1.412352,116.0
2025-07-04,-1.527704,100.0
2025-07-05,-1.647969,76.0
2025-07-06,-1.773144,87.0
2025-07-07,-1.90314,93.0
2025-07-08,-2.037742,84.0
2025-07-09,-2.176535,81.0
2025-07-10,-2.318807,75.0
2025-07-11,-2.463359,93.0
2025-07-12,-2.051634,113.0
2025-07-13,-2.193378,126.0
2025-07-14,-2.326236,135.0
2025-07-15,-2.440324,173.0
2025-07-16,-2.520116,191.0
2025-07-17,-2.54708,183.0
2025-07-18,-2.511196,165.0
2025-07-19,-2.42011,153.0
2025-07-20,-2.847569,145.0
2025-07-21,-2.139064,137.0
2025-07-22,-1.974379,107.0
2025-07-23,-1.80324,110.0
2025-07-24,-1.629646,114.0
2025-07-25,-1.456283,148.0
2025-07-26,-1.285063,144.0
2025-07-27,-1.117413,129.0
2025-07-28,-0.954442,131.0
2025-07-29,-1.353597,123.0
2025-07-30,-1.20247,141.0
2025-07-31,-1.05821,146.0
2025-08-01,-0.9213,133.0
2025-08-02,-0.792144,129.0
2025-08-03,-0.671078,129.0
2025-08-04,-0.558388,107.0
2025-08-05,-0.454324,116.0
2025-08-06,-0.359113,140.0
2025-08-07,-0.27297,154.0
2025-08-08,-0.196113,181.0
2025-08-09,-0.128772,155.0
2025-08-10,-0.07121,167.0
2025-08-11,-0.023731,166.0
2025-08-12,0.0133,162.0
2025-08-13,0.039441,167.0
2025-08-14,0.610711,165.0
2025-08-15,0.613329,138.0
2025-08-16,0.603052,120.0
2025-08-17,0.578916,74.0
2025-08-18,0.539774,64.0
2025-08-19,0.48429,36.0
2025-08-20,-0.145615,60.0
2025-08-21,-0.238473,67.0
2025-08-22,-0.352539,56.0
2025-08-23,-0.48936,72.0
2025-08-24,-0.650009,100.0
2025-08-25,-0.834572,137.0
2025-08-26,-3.243539,183.0
2025-08-27,-3.468017,198.0
2025-08-28,-3.701394,204.0
2025-08-29,-3.929177,197.0
2025-08-30,-4.130413,181.0
2025-08-31,-4.279705,187.0
2025-09-01,-4.35491,176.0
2025-09-02,-4.349037,162.0
2025-09-03,-2.073124,146.0
2025-09-04,-1.95622,157.0
2025-09-05,-1.819917,138.0
2025-09-06,-1.681185,111.0
2025-09-07,-3.752332,92.0
2025-09-08,-3.634198,113.0
2025-09-09,-3.531064,101.0
2025-09-10,-3.443257,86.0
2025-09-11,-3.370156,83.0
2025-09-12,-3.310693,65.0
2025-09-13,-3.26364,53.0
2025-09-14,-3.227768,69.0
2025-09-15,-3.201927,79.0
2025-09-16,-3.185086,117.0
2025-09-17,-3.176347,126.0
2025-09-18,-3.174941,127.0
2025-09-19,-3.180224,138.0
2025-09-20,-3.191663,153.0
2025-09-21,-3.208828,164.0
2025-09-22,-3.231381,161.0
2025-09-23,-3.25906,186.0
2025-09-24,-0.532936,144.0
2025-09-25,-1.12692,152.0
2025-09-26,-1.169075,142.0
2025-09-27,-1.215934,138.0
2025-09-28,-1.26751,155.0
2025-09-29,-1.323851,178.0
2025-09-30,-1.385033,179.0
2025-10-01,-1.451158,167.0
2025-10-02,-1.522345,169.0
2025-10-03,-1.598728,175.0
2025-10-04,-1.680444,153.0
2025-10-05,-1.767632,147.0
2025-10-06,-1.303857,147.0
2025-10-07,-1.402345,123.0
2025-10-08,-1.506598,78.0
2025-10-09,-1.616615,61.0
2025-10-10,-1.732295,79.0
2025-10-11,-1.853379,105.0
2025-10-12,-1.979356,129.0
2025-10-13,-2.109288,128.0
2025-10-14,-2.241488,125.0
2025-10-15,-2.372862,123.0
2025-10-16,-2.497563,132.0
2025-10-17,-2.60437,120.0
2025-10-18,-3.230061,114.0
2025-10-19,-3.237391,107.0
2025-10-20,-3.175219,112.0
2025-10-21,-3.060242,124.0
2025-10-22,-2.913519,110.0
2025-10-23,-2.748895,100.0
2025-10-24,-2.574108,101.0
2025-10-25,-2.39355,102.0
2025-10-26,-1.653331,103.0
2025-10-27,-1.468324,99.0
2025-10-28,-1.283186,113.0
2025-10-29,-1.0988,100.0
2025-10-30,-0.915817,70.0
2025-10-31,-0.734717,44.0
2025-11-01,-0.555844,21.0
2025-11-02,-0.379436,42.0
2025-11-03,-0.20564,74.0
2025-11-04,-0.034534,84.0
2025-11-05,0.133854,79.0
2025-11-06,0.299534,109.0
2025-11-07,0.462523,130.0
2025-11-08,0.622831,142.0
2025-11-09,0.780426,154.0
2025-11-10,0.378637,151.0
2025-11-11,0.530364,149.0
2025-11-12,0.678648,137.0
2025-11-13,0.822858,127.0
2025-11-14,0.962041,103.0
2025-11-15,1.094838,100.0
2025-11-16,1.219368,67.0
2025-11-17,1.33313,57.0
2025-11-18,1.432908,62.0
2025-11-19,1.514744,54.0
2025-11-20,1.574001,59.0
2025-11-21,1.605598,66.0
2025-11-22,2.160999,61.0
2025-11-23,2.122613,81.0
2025-11-24,2.043926,102.0
2025-11-25,1.36742,99.0
2025-11-26,1.207847,82.0
2025-11-27,1.012928,91.0
2025-11-28,0.789265,83.0
2025-11-29,0.545231,83.0
2025-11-30,0.846955,103.0
2025-12-01,0.591615,156.0
2025-12-02,0.346436,180.0
2025-12-03,0.122036,185.0
2025-12-04,-0.071605,184.0
2025-12-05,-0.22601,175.0
2025-12-06,-0.335247,167.0
2025-12-07,-0.396856,161.0
2025-12-08,-0.412181,166.0
2025-12-09,-0.385845,155.0
2025-12-10,-0.324538,132.0
2025-12-11,-0.235615,120.0
2025-12-12,-0.126006,98.0
2025-12-13,-0.00161,87.0
2025-12-14,0.132893,72.0
2025-12-15,0.273974,77.0
2025-12-16,0.41907,77.0
2025-12-17,0.56638,82.0
2025-12-18,0.714681,71.0
2025-12-19,0.863173,50.0
2025-12-20,1.011363,58.0
2025-12-21,1.158975,69.0
2025-12-22,0.749323,82.0
2025-12-23,0.895513,114.0
2025-12-24,1.04103,131.0
2025-12-25,1.185967,127.0
2025-12-26,1.330441,127.0
2025-12-27,1.474575,147.0
2025-12-28,-0.583686,161.0
2025-12-29,-0.439883,147.0
2025-12-30,-0.296106,146.0
2025-12-31,-0.152301,145.0
2026-01-01,-0.008448,123.0
2026-01-02,0.135425,117.0
2026-01-03,0.27924,117.0
2026-01-04,0.422863,118.0
2026-01-05,0.56609,106.0
2026-01-06,0.708652,111.0
2026-01-07,0.850199,118.0
2026-01-08,0.990302,82.0
2026-01-09,1.128448,65.0
2026-01-10,1.264041,65.0
2026-01-11,1.396399,64.0
2026-01-12,0.577779,57.0
2026-01-13,0.701306,48.0
2026-01-14,1.766078,64.0
2026-01-15,1.877177,95.0
2026-01-16,1.980591,136.0
2026-01-17,2.0753,134.0
2026-01-18,2.160284,139.0
2026-01-19,4.436714,164.0
2026-01-20,4.499266,168.0
2026-01-21,4.549203,164.0
2026-01-22,4.585683,189.0
2026-01-23,4.607955,170.0
2026-01-24,3.668386,158.0
2026-01-25,3.660397,153.0
2026-01-26,3.636581,138.0
2026-01-27,3.596629,97.0
2026-01-28,3.540343,117.0
2026-01-29,4.414616,96.0
2026-01-30,4.325494,83.0
2026-01-31,4.220058,109.0
2026-02-01,4.098483,103.0
2026-02-02,3.961012,131.0
2026-02-03,3.807952,165.0
2026-02-04,3.639667,148.0
2026-02-05,3.456585,138.0
2026-02-06,3.259214,139.0
2026-02-07,3.048176,141.0
2026-02-08,2.824273,141.0
2026-02-09,2.588599,117.0
2026-02-10,2.342733,112.0
2026-02-11,2.089065,92.0
2026-02-12,2.387881,80.0
2026-02-13,2.13193,65.0
2026-02-14,1.886898,77.0
2026-02-15,1.666381,72.0
2026-02-16,1.489026,75.0
2026-02-17,1.377053,66.0
2026-02-18,1.351254,43.0
2026-02-19,1.42326,43.0
2026-02-20,1.589628,33.0
2026-02-21,1.83253,15.0
2026-02-22,-0.632493,4.0
2026-02-23,-0.314475,8.0
2026-02-24,0.00467,5.0
2026-02-25,0.306451,15.0
2026-02-26,2.779335,34.0
2026-02-27,3.009839,47.0
2026-02-28,3.195244,59.0
2026-03-01,3.334283,76.0
2026-03-02,3.428498,76.0
2026-03-03,1.279147,79.0
2026-03-04,1.295076,66.0
2026-03-05,1.278982,85.0
2026-03-06,1.235659,83.0
2026-03-07,1.169529,81.0
2026-03-08,1.084504,75.0
2026-03-09,0.983933,77.0
2026-03-10,0.870613,80.0
2026-03-11,2.949014,108.0
2026-03-12,2.816626,96.0
2026-03-13,2.67708,79.0
2026-03-14,2.531501,57.0
2026-03-15,2.937296,64.0
2026-03-16,2.781953,69.0
2026-03-17,2.622446,63.0
2026-03-18,2.45902,61.0
2026-03-19,2.291777,34.0
2026-03-20,2.120699,29.0
2026-03-21,1.945663,41.0
2026-03-22,1.766458,99.0
2026-03-23,1.582795,112.0
2026-03-24,1.394325,110.0
2026-03-25,1.200649,107.0
2026-03-26,1.001335,113.0
2026-03-27,0.795938,135.0
2026-03-28,0.584018,128.0
2026-03-29,0.365172,134.0
2026-03-30,0.13907,132.0
2026-03-31,-0.094498,137.0
2026-04-01,-0.335557,129.0
2026-04-02,-0.583849,133.0
2026-04-03,-0.838688,120.0
2026-04-04,-1.09873,106.0
2026-04-05,-1.36154,89.0
2026-04-06,-1.62279,97.0
2026-04-07,-1.874593,89.0
2026-04-08,-2.102084,70.0
2026-04-09,-2.27763,59.0
2026-04-10,-2.359399,28.0
2026-04-11,-2.317853,39.0
2026-04-12,-2.17201,38.0
2026-04-13,-1.965782,53.0
2026-04-14,-1.732053,53.0
2026-04-15,-1.489009,49.0
2026-04-16,-1.246299,50.0
2026-04-17,-1.009257,48.0
2026-04-18,-0.78099,41.0
2026-04-19,-0.563383,36.0
2026-04-20,-0.357616,37.0
2026-04-21,-0.164438,50.0
2026-04-22,0.015668,71.0
2026-04-23,0.182373,68.0
2026-04-24,0.335437,94.0
2026-04-25,0.474657,114.0
2026-04-26,0.599828,115.0
2026-04-27,0.154156,117.0
2026-04-28,0.250482,128.0
2026-04-29,0.331892,123.0
2026-04-30,0.39795,135.0
2026-05-01,0.448114,157.0
2026-05-02,0.481724,139.0
2026-05-03,0.497973,124.0
2026-05-04,0.495886,124.0
2026-05-05,-0.472695,132.0
2026-05-06,-0.515222,104.0
2026-05-07,-2.782551,70.0
2026-05-08,-2.872353,75.0
2026-05-09,-2.989216,90.0
2026-05-10,-3.135971,87.0
2026-05-11,-2.368915,79.0
2026-05-12,-2.585672,58.0
2026-05-13,-2.843108,63.0
2026-05-14,-3.144694,50.0
2026-05-15,-3.492241,47.0
2026-05-16,-3.882919,57.0
2026-05-17,-4.30175,84.0
2026-05-18,-4.70014,80.0
2026-05-19,-4.941965,73.0
2026-05-20,-4.838383,66.0
2026-05-21,-4.458683,86.0
2026-05-22,-3.989664,107.0
2026-05-23,-3.522032,118.0
2026-05-24,-3.09024,111.0
2026-05-25,-2.706762,110.0
2026-05-26,-2.374438,146.0
2026-05-27,-2.091569,174.0
2026-05-28,-1.854409,154.0
2026-05-29,-1.658448,138.0
2026-05-30,-1.499065,129.0
2026-05-31,-1.371857,113.0
2026-06-01,-1.272786,100.0
2026-06-02,-1.198239,109.0
2026-06-03,-1.145037,127.0
2026-06-04,-1.110421,127.0
2026-06-05,-1.092018,127.0
2026-06-06,-1.087804,131.0
2026-06-07,1.106113,133.0
2026-06-08,1.086827,132.0
2026-06-09,1.057729,116.0
2026-06-10,1.019838,96.0
2026-06-11,0.974,83.0
2026-06-12,0.92092,69.0
2026-06-13,0.86118,48.0
2026-06-14,-1.406917,59.0
2026-06-15,-1.478625,66.0
2026-06-16,0.646379,70.0
2026-06-17,0.564001,53.0
2026-06-18,0.476629,51.0
2026-06-19,0.384436,61.0
2026-06-20,0.287563,88.0
2026-06-21,0.186131,65.0
2026-06-22,0.080246,70.0
2026-06-23,-0.029988,76.0
2026-06-24,-0.14446,90.0
2026-06-25,0.293515,87.0
2026-06-26,0.170969,104.0
2026-06-27,0.044657,112.0
2026-06-28,-0.085169,130.0
2026-06-29,-0.218188,125.0
2026-06-30,-0.353985,126.0
