fecha,ftrt_index_v2,ssn
2020-01-01,1.017551,6.0
2020-01-02,0.888088,12.0
2020-01-03,0.781501,13.0
2020-01-04,-3.539166,12.0
2020-01-05,-3.59631,14.0
2020-01-06,-3.62705,7.0
2020-01-07,-3.630408,4.0
2020-01-08,-3.605543,4.0
2020-01-09,-3.551774,15.0
2020-01-10,-3.468605,4.0
2020-01-11,-3.355754,0.0
2020-01-12,-3.213185,0.0
2020-01-13,1.197078,0.0
2020-01-14,1.398068,0.0
2020-01-15,1.627104,0.0
2020-01-16,1.882897,0.0
2020-01-17,2.163712,0.0
2020-01-18,2.467288,0.0
2020-01-19,2.790747,0.0
2020-01-20,3.130453,0.0
2020-01-21,3.481821,0.0
2020-01-22,3.839017,0.0
2020-01-23,4.19452,0.0
2020-01-24,4.53846,8.0
2020-01-25,4.857677,12.0
2020-01-26,5.134593,19.0
2020-01-27,5.346469,14.0
2020-01-28,5.466651,12.0
2020-01-29,5.469954,12.0
2020-01-30,5.34125,12.0
2020-01-31,5.080534,12.0
2020-02-01,4.699582,6.0
2020-02-02,4.214757,0.0
2020-02-03,3.642304,0.0
2020-02-04,2.997229,0.0
2020-02-05,0.091831,0.0
2020-02-06,-0.65444,0.0
2020-02-07,0.775139,0.0
2020-02-08,-0.004776,0.0
2020-02-09,-0.77049,0.0
2020-02-10,-3.700449,0.0
2020-02-11,-4.365253,0.0
2020-02-12,-4.942239,0.0
2020-02-13,-5.408852,0.0
2020-02-14,-5.747155,0.0
2020-02-15,-3.743805,0.0
2020-02-16,-3.800169,0.0
2020-02-17,-3.719528,0.0
2020-02-18,-3.514799,0.0
2020-02-19,-3.20441,0.0
2020-02-20,-2.809908,0.0
2020-02-21,-2.353664,0.0
2020-02-22,-1.857038,0.0
2020-02-23,-1.339177,0.0
2020-02-24,-3.018571,0.0
2020-02-25,-2.504198,0.0
2020-02-26,-2.008738,0.0
2020-02-27,-1.540194,0.0
2020-02-28,-1.104469,0.0
2020-02-29,-0.705756,0.0
2020-03-01,-0.346896,0.0
2020-03-02,2.172518,0.0
2020-03-03,2.447203,0.0
2020-03-04,2.679103,0.0
2020-03-05,2.868574,0.0
2020-03-06,3.016504,0.0
2020-03-07,3.124269,2.0
2020-03-08,3.193691,16.0
2020-03-09,3.22699,11.0
2020-03-10,3.226711,0.0
2020-03-11,3.195646,0.0
2020-03-12,3.136736,0.0
2020-03-13,3.052989,0.0
2020-03-14,2.947404,0.0
2020-03-15,2.822916,0.0
2020-03-16,2.682357,0.0
2020-03-17,2.528445,0.0
2020-03-18,2.363774,3.0
2020-03-19,2.190829,0.0
2020-03-20,2.011994,0.0
2020-03-21,1.829573,0.0
2020-03-22,-0.556367,0.0
2020-03-23,-0.73928,0.0
2020-03-24,-0.91918,0.0
2020-03-25,-1.093926,0.0
2020-03-26,-1.261395,0.0
2020-03-27,-1.419474,0.0
2020-03-28,-1.566062,0.0
2020-03-29,-1.699075,0.0
2020-03-30,-1.816451,3.0
2020-03-31,-1.91616,11.0
2020-04-01,-4.032252,13.0
2020-04-02,-4.090734,13.0
2020-04-03,-4.125793,13.0
2020-04-04,-4.135677,13.0
2020-04-05,-4.11875,0.0
2020-04-06,-4.07351,0.0
2020-04-07,-3.998615,0.0
2020-04-08,-3.892903,0.0
2020-04-09,-3.755413,0.0
2020-04-10,0.652803,0.0
2020-04-11,0.855812,0.0
2020-04-12,1.092042,0.0
2020-04-13,1.361416,0.0
2020-04-14,1.663535,0.0
2020-04-15,1.99765,0.0
2020-04-16,2.362632,0.0
2020-04-17,2.756936,0.0
2020-04-18,-1.05965,0.0
2020-04-19,-2.815384,0.0
2020-04-20,-2.347189,0.0
2020-04-21,-1.860943,0.0
2020-04-22,-1.36111,0.0
2020-04-23,1.34902,0.0
2020-04-24,1.858019,0.0
2020-04-25,2.357294,6.0
2020-04-26,2.822023,13.0
2020-04-27,3.13231,26.0
2020-04-28,2.938682,15.0
2020-04-29,2.441586,24.0
2020-04-30,1.839351,20.0
2020-05-01,1.165717,4.0
2020-05-02,0.432528,0.0
2020-05-03,-0.350145,0.0
2020-05-04,-1.170208,0.0
2020-05-05,-2.01239,0.0
2020-05-06,-2.857902,0.0
2020-05-07,-3.68462,0.0
2020-05-08,-4.467791,0.0
2020-05-09,-7.383494,0.0
2020-05-10,-8.001808,0.0
2020-05-11,-8.502222,0.0
2020-05-12,-8.867468,0.0
2020-05-13,-9.08794,0.0
2020-05-14,-9.163128,0.0
2020-05-15,-9.101823,0.0
2020-05-16,-8.921036,0.0
2020-05-17,-8.643918,0.0
2020-05-18,-8.297202,0.0
2020-05-19,-7.908714,0.0
2020-05-20,-7.505305,0.0
2020-05-21,-7.111365,0.0
2020-05-22,-6.747883,0.0
2020-05-23,-6.431926,0.0
2020-05-24,-3.974246,0.0
2020-05-25,-3.78796,0.0
2020-05-26,-3.675652,0.0
2020-05-27,-3.638411,0.0
2020-05-28,-5.876358,0.0
2020-05-29,-5.980621,0.0
2020-05-30,-6.147152,0.0
2020-05-31,-6.368763,2.0
2020-06-01,-6.63793,6.0
2020-06-02,-6.947272,0.0
2020-06-03,-3.051649,9.0
2020-06-04,-3.421183,11.0
2020-06-05,-3.812064,13.0
2020-06-06,-4.219392,16.0
2020-06-07,-4.638923,16.0
2020-06-08,-5.067007,16.0
2020-06-09,-5.500513,14.0
2020-06-10,-5.936759,12.0
2020-06-11,-6.373438,11.0
2020-06-12,-6.808556,11.0
2020-06-13,-7.240376,11.0
2020-06-14,-7.667367,11.0
2020-06-15,-10.124189,8.0
2020-06-16,-10.537528,0.0
2020-06-17,-10.942256,0.0
2020-06-18,-13.539453,0.0
2020-06-19,-13.923702,0.0
2020-06-20,-14.296134,0.0
2020-06-21,-14.655704,0.0
2020-06-22,-17.290928,0.0
2020-06-23,-17.621584,0.0
2020-06-24,-17.93614,0.0
2020-06-25,-18.233467,0.0
2020-06-26,-18.512407,6.0
2020-06-27,-18.771782,4.0
2020-06-28,-23.690681,0.0
2020-06-29,-23.907348,0.0
2020-06-30,-24.100875,0.0
2020-07-01,-24.270091,4.0
2020-07-02,-21.935758,2.0
2020-07-03,-22.052982,0.0
2020-07-04,-22.14262,7.0
2020-07-05,-22.203686,5.0
2020-07-06,-20.336107,5.0
2020-07-07,-22.236491,8.0
2020-07-08,-22.206593,0.0
2020-07-09,-22.144853,0.0
2020-07-10,-22.050629,0.0
2020-07-11,-21.923349,0.0
2020-07-12,-21.762512,0.0
2020-07-13,-21.567686,0.0
2020-07-14,-21.338505,0.0
2020-07-15,-21.074662,2.0
2020-07-16,-16.284163,0.0
2020-07-17,-15.950321,0.0
2020-07-18,-15.581276,0.0
2020-07-19,-15.177013,0.0
2020-07-20,-14.737669,0.0
2020-07-21,-14.263615,6.0
2020-07-22,-13.755597,11.0
2020-07-23,-13.214951,11.0
2020-07-24,-8.405704,11.0
2020-07-25,-7.807873,11.0
2020-07-26,-7.188834,11.0
2020-07-27,-6.557011,11.0
2020-07-28,-5.924722,20.0
2020-07-29,-5.309388,21.0
2020-07-30,-4.734648,21.0
2020-07-31,-4.230855,21.0
2020-08-01,-3.834044,26.0
2020-08-02,-3.582241,15.0
2020-08-03,-3.508425,11.0
2020-08-04,-3.63123,11.0
2020-08-05,-3.946884,12.0
2020-08-06,-4.426622,14.0
2020-08-07,-5.021307,17.0
2020-08-08,-5.67115,12.0
2020-08-09,-6.316531,13.0
2020-08-10,-4.704411,13.0
2020-08-11,-5.201898,12.0
2020-08-12,-5.584363,17.0
2020-08-13,-5.842638,10.0
2020-08-14,-5.977865,5.0
2020-08-15,-5.998128,0.0
2020-08-16,-5.915429,0.0
2020-08-17,-5.743344,0.0
2020-08-18,-5.495427,13.0
2020-08-19,-5.184269,16.0
2020-08-20,-4.82104,12.0
2020-08-21,-4.415356,3.0
2020-08-22,-3.975336,0.0
2020-08-23,-3.507761,0.0
2020-08-24,-3.01827,0.0
2020-08-25,-2.511562,0.0
2020-08-26,-1.99158,0.0
2020-08-27,-1.461672,0.0
2020-08-28,-0.924731,0.0
2020-08-29,-0.383305,0.0
2020-08-30,0.160306,0.0
2020-08-31,0.703985,0.0
2020-09-01,1.245734,0.0
2020-09-02,1.783636,0.0
2020-09-03,2.315819,0.0
2020-09-04,2.840436,0.0
2020-09-05,3.355645,0.0
2020-09-06,3.859595,0.0
2020-09-07,4.350411,0.0
2020-09-08,4.826166,0.0
2020-09-09,5.284822,0.0
2020-09-10,9.571887,0.0
2020-09-11,9.988907,0.0
2020-09-12,10.379287,0.0
2020-09-13,10.734134,0.0
2020-09-14,11.028528,2.0
2020-09-15,11.181287,0.0
2020-09-16,11.084343,0.0
2020-09-17,10.82531,0.0
2020-09-18,10.50679,0.0
2020-09-19,10.162854,0.0
2020-09-20,9.805895,0.0
2020-09-21,5.594613,0.0
2020-09-22,5.229141,0.0
2020-09-23,2.663287,7.0
2020-09-24,2.304812,5.0
2020-09-25,1.954723,4.0
2020-09-26,1.616033,0.0
2020-09-27,1.291591,0.0
2020-09-28,0.984078,0.0
2020-09-29,0.695999,0.0
2020-09-30,0.429664,0.0
2020-10-01,0.187182,0.0
2020-10-02,-0.029549,0.0
2020-10-03,-4.457055,0.0
2020-10-04,-4.617442,0.0
2020-10-05,-4.747659,0.0
2020-10-06,-4.846644,0.0
2020-10-07,-4.913525,0.0
2020-10-08,-4.947609,6.0
2020-10-09,-4.94836,20.0
2020-10-10,-4.91539,18.0
2020-10-11,-4.848436,20.0
2020-10-12,-0.509138,14.0
2020-10-13,-0.373868,0.0
2020-10-14,-0.204455,4.0
2020-10-15,-0.001032,13.0
2020-10-16,0.236173,13.0
2020-10-17,0.506815,14.0
2020-10-18,0.810396,21.0
2020-10-19,1.146207,17.0
2020-10-20,-2.724968,14.0
2020-10-21,-2.328124,14.0
2020-10-22,-1.903467,12.0
2020-10-23,-1.453782,17.0
2020-10-24,-0.982929,18.0
2020-10-25,-0.496254,19.0
2020-10-26,4.236855,22.0
2020-10-27,4.727548,41.0
2020-10-28,5.176267,35.0
2020-10-29,5.238592,42.0
2020-10-30,4.780321,34.0
2020-10-31,6.422748,26.0
2020-11-01,5.820362,5.0
2020-11-02,2.998801,9.0
2020-11-03,2.388116,16.0
2020-11-04,1.812772,26.0
2020-11-05,1.297796,31.0
2020-11-06,0.86362,41.0
2020-11-07,0.52389,38.0
2020-11-08,0.284636,44.0
2020-11-09,-2.057349,29.0
2020-11-10,0.097872,29.0
2020-11-11,0.133512,29.0
2020-11-12,0.239606,32.0
2020-11-13,0.403542,26.0
2020-11-14,-1.589002,20.0
2020-11-15,-1.344822,5.0
2020-11-16,-1.07606,0.0
2020-11-17,-0.791505,10.0
2020-11-18,-0.498936,13.0
2020-11-19,-0.20535,13.0
2020-11-20,0.082754,13.0
2020-11-21,2.561248,26.0
2020-11-22,2.819341,34.0
2020-11-23,3.052345,48.0
2020-11-24,3.252765,44.0
2020-11-25,5.614714,53.0
2020-11-26,5.725775,58.0
2020-11-27,5.781275,75.0
2020-11-28,5.777204,86.0
2020-11-29,3.511389,96.0
2020-11-30,3.392116,87.0
2020-12-01,5.42594,56.0
2020-12-02,5.216024,48.0
2020-12-03,4.9718,45.0
2020-12-04,4.699678,41.0
2020-12-05,4.405108,37.0
2020-12-06,4.092683,25.0
2020-12-07,3.766314,21.0
2020-12-08,3.429402,14.0
2020-12-09,3.084973,14.0
2020-12-10,2.735785,12.0
2020-12-11,2.384403,12.0
2020-12-12,2.033249,11.0
2020-12-13,1.684641,11.0
2020-12-14,1.340813,13.0
2020-12-15,1.003932,20.0
2020-12-16,0.6761,14.0
2020-12-17,0.359358,13.0
2020-12-18,0.055684,7.0
2020-12-19,-0.233014,0.0
2020-12-20,-0.504907,0.0
2020-12-21,-0.758252,12.0
2020-12-22,-0.99141,12.0
2020-12-23,-1.202852,24.0
2020-12-24,-1.39118,28.0
2020-12-25,-1.55514,31.0
2020-12-26,-1.693637,35.0
2020-12-27,-1.805752,33.0
2020-12-28,-1.89076,30.0
2020-12-29,-1.948146,32.0
2020-12-30,-6.215832,32.0
2020-12-31,-6.217353,34.0
2021-01-01,-6.191141,24.0
2021-01-02,-6.137702,17.0
2021-01-03,-6.057855,0.0
2021-01-04,-5.95276,0.0
2021-01-05,-5.823957,0.0
2021-01-06,-5.673417,0.0
2021-01-07,-5.503607,0.0
2021-01-08,-1.079358,0.0
2021-01-09,-0.880812,0.0
2021-01-10,-0.67429,0.0
2021-01-11,-0.465279,0.0
2021-01-12,-0.260403,0.0
2021-01-13,-0.067597,0.0
2021-01-14,0.103729,3.0
2021-01-15,0.2426,14.0
2021-01-16,0.33652,12.0
2021-01-17,0.371749,14.0
2021-01-18,0.333898,12.0
2021-01-19,0.208902,20.0
2021-01-20,-0.015681,21.0
2021-01-21,-0.34917,25.0
2021-01-22,-0.796274,35.0
2021-01-23,-1.355836,32.0
2021-01-24,-2.019954,23.0
2021-01-25,-2.773575,27.0
2021-01-26,-3.594654,17.0
2021-01-27,-6.657166,20.0
2021-01-28,-7.523982,7.0
2021-01-29,-8.362259,0.0
2021-01-30,-9.137634,0.0
2021-01-31,-9.819546,0.0
2021-02-01,-8.181947,0.0
2021-02-02,-8.614079,9.0
2021-02-03,-8.908185,7.0
2021-02-04,-9.067565,0.0
2021-02-05,-11.304767,0.0
2021-02-06,-11.230467,0.0
2021-02-07,-11.064132,0.0
2021-02-08,-10.823315,2.0
2021-02-09,-10.524458,2.0
2021-02-10,-7.979912,0.0
2021-02-11,-7.606332,0.0
2021-02-12,-11.449834,0.0
2021-02-13,-11.042063,0.0
2021-02-14,-10.627566,0.0
2021-02-15,-10.211266,0.0
2021-02-16,-9.796967,0.0
2021-02-17,-9.387614,0.0
2021-02-18,-8.985512,10.0
2021-02-19,-8.592511,9.0
2021-02-20,-8.210143,9.0
2021-02-21,-7.839743,10.0
2021-02-22,-7.482527,16.0
2021-02-23,-7.139668,36.0
2021-02-24,-6.812333,38.0
2021-02-25,-6.501721,34.0
2021-02-26,-6.209077,18.0
2021-02-27,-5.935698,17.0
2021-02-28,-5.682922,13.0
2021-03-01,-5.45211,10.0
2021-03-02,-1.006404,16.0
2021-03-03,-0.823526,35.0
2021-03-04,-0.666464,30.0
2021-03-05,-0.536252,13.0
2021-03-06,-0.433702,7.0
2021-03-07,-0.359337,21.0
2021-03-08,-0.313334,14.0
2021-03-09,-0.295475,15.0
2021-03-10,-0.305112,17.0
2021-03-11,-0.341148,22.0
2021-03-12,-0.402036,14.0
2021-03-13,-0.485795,11.0
2021-03-14,-0.590047,23.0
2021-03-15,-0.712057,24.0
2021-03-16,-0.848796,19.0
2021-03-17,-0.996993,13.0
2021-03-18,-1.153203,13.0
2021-03-19,-1.313867,13.0
2021-03-20,-1.475371,11.0
2021-03-21,-1.634098,8.0
2021-03-22,-1.786479,22.0
2021-03-23,-1.929035,27.0
2021-03-24,-2.058412,30.0
2021-03-25,-2.171412,27.0
2021-03-26,-2.265019,25.0
2021-03-27,-2.336412,19.0
2021-03-28,-6.621191,12.0
2021-03-29,-6.640539,12.0
2021-03-30,-6.630489,9.0
2021-03-31,-6.589075,0.0
2021-04-01,-6.514536,0.0
2021-04-02,-6.405305,0.0
2021-04-03,-6.259997,4.0
2021-04-04,-6.077393,12.0
2021-04-05,-5.856426,11.0
2021-04-06,-1.357962,6.0
2021-04-07,-1.057639,0.0
2021-04-08,-0.716601,0.0
2021-04-09,-0.334364,0.0
2021-04-10,0.089365,0.0
2021-04-11,0.55463,10.0
2021-04-12,1.061129,14.0
2021-04-13,1.608092,19.0
2021-04-14,2.194089,21.0
2021-04-15,2.816798,25.0
2021-04-16,3.472692,35.0
2021-04-17,4.156682,15.0
2021-04-18,4.861706,18.0
2021-04-19,5.578348,36.0
2021-04-20,4.092359,57.0
2021-04-21,4.793205,46.0
2021-04-22,5.455028,44.0
2021-04-23,4.963742,37.0
2021-04-24,4.204023,54.0
2021-04-25,5.575144,55.0
2021-04-26,4.698032,50.0
2021-04-27,3.80759,55.0
2021-04-28,2.941087,46.0
2021-04-29,2.135839,37.0
2021-04-30,1.424435,28.0
2021-05-01,0.830918,10.0
2021-05-02,0.368788,0.0
2021-05-03,0.041005,0.0
2021-05-04,-2.360596,0.0
2021-05-05,-2.444142,0.0
2021-05-06,-2.428185,0.0
2021-05-07,-2.330748,10.0
2021-05-08,-2.169849,17.0
2021-05-09,0.239722,20.0
2021-05-10,0.478244,34.0
2021-05-11,0.734315,32.0
2021-05-12,0.996117,33.0
2021-05-13,1.253446,30.0
2021-05-14,1.497541,26.0
2021-05-15,1.720913,28.0
2021-05-16,1.917218,13.0
2021-05-17,2.08118,14.0
2021-05-18,2.20856,28.0
2021-05-19,2.29616,27.0
2021-05-20,2.341838,20.0
2021-05-21,2.344506,14.0
2021-05-22,2.304088,19.0
2021-05-23,2.221432,27.0
2021-05-24,2.098158,31.0
2021-05-25,1.936496,41.0
2021-05-26,1.739093,41.0
2021-05-27,1.508849,41.0
2021-05-28,1.24877,31.0
2021-05-29,0.961866,15.0
2021-05-30,0.651077,26.0
2021-05-31,0.319231,30.0
2021-06-01,-0.030971,22.0
2021-06-02,-0.39696,29.0
2021-06-03,-0.776284,31.0
2021-06-04,-3.368774,35.0
2021-06-05,-5.969991,38.0
2021-06-06,-6.375566,38.0
2021-06-07,-6.785531,49.0
2021-06-08,-7.197774,34.0
2021-06-09,-7.610208,25.0
2021-06-10,-8.020754,27.0
2021-06-11,-8.427342,19.0
2021-06-12,-8.827902,8.0
2021-06-13,-9.220367,15.0
2021-06-14,-9.602674,12.0
2021-06-15,-7.770591,11.0
2021-06-16,-8.126431,11.0
2021-06-17,-8.466004,12.0
2021-06-18,-8.787329,21.0
2021-06-19,-9.088469,15.0
2021-06-20,-9.367549,14.0
2021-06-21,-9.62276,13.0
2021-06-22,-9.852372,16.0
2021-06-23,-12.256923,12.0
2021-06-24,-14.466548,11.0
2021-06-25,-14.609914,23.0
2021-06-26,-14.721708,19.0
2021-06-27,-14.800683,33.0
2021-06-28,-14.845682,46.0
2021-06-29,-14.855622,56.0
2021-06-30,-14.829485,54.0
2021-07-01,-14.766298,57.0
2021-07-02,-14.665112,62.0
2021-07-03,-10.286769,60.0
2021-07-04,-10.106729,50.0
2021-07-05,-9.885788,45.0
2021-07-06,-9.622911,49.0
2021-07-07,-9.31703,20.0
2021-07-08,-8.967068,16.0
2021-07-09,-8.572005,11.0
2021-07-10,-8.130998,15.0
2021-07-11,-7.643583,21.0
2021-07-12,-4.907831,23.0
2021-07-13,-4.32957,21.0
2021-07-14,-3.710112,30.0
2021-07-15,-3.056101,22.0
2021-07-16,-2.378935,35.0
2021-07-17,-1.69684,49.0
2021-07-18,-1.037259,48.0
2021-07-19,-0.438885,48.0
2021-07-20,0.04821,46.0
2021-07-21,-3.871195,72.0
2021-07-22,-3.773063,76.0
2021-07-23,-3.926075,57.0
2021-07-24,-4.324266,32.0
2021-07-25,-4.923678,36.0
2021-07-26,-5.654777,31.0
2021-07-27,-6.440437,18.0
2021-07-28,-7.210969,6.0
2021-07-29,-7.912734,3.0
2021-07-30,-8.510689,0.0
2021-07-31,-8.986794,3.0
2021-08-01,-9.336339,8.0
2021-08-02,-9.563788,13.0
2021-08-03,-9.679078,17.0
2021-08-04,-9.694769,17.0
2021-08-05,-11.826272,22.0
2021-08-06,-11.681952,8.0
2021-08-07,-11.475562,0.0
2021-08-08,-11.217295,0.0
2021-08-09,-10.915943,7.0
2021-08-10,-10.57901,0.0
2021-08-11,-10.21289,18.0
2021-08-12,-7.620876,7.0
2021-08-13,-7.212063,9.0
2021-08-14,-6.788461,19.0
2021-08-15,-6.353857,21.0
2021-08-16,-5.911788,20.0
2021-08-17,-5.465659,15.0
2021-08-18,-5.01886,13.0
2021-08-19,-4.574872,22.0
2021-08-20,-4.13736,12.0
2021-08-21,0.527942,16.0
2021-08-22,0.940308,19.0
2021-08-23,1.333204,16.0
2021-08-24,1.70139,20.0
2021-08-25,2.039104,36.0
2021-08-26,2.3401,48.0
2021-08-27,2.597769,71.0
2021-08-28,2.805408,75.0
2021-08-29,2.956637,51.0
2021-08-30,3.045969,43.0
2021-08-31,3.06943,39.0
2021-09-01,0.822914,38.0
2021-09-02,0.711161,33.0
2021-09-03,0.534623,26.0
2021-09-04,0.297798,71.0
2021-09-05,0.006512,74.0
2021-09-06,-0.332626,83.0
2021-09-07,1.489499,84.0
2021-09-08,1.075486,97.0
2021-09-09,0.634276,101.0
2021-09-10,0.172335,96.0
2021-09-11,-2.506406,72.0
2021-09-12,-2.991868,49.0
2021-09-13,-3.480897,33.0
2021-09-14,-3.968557,23.0
2021-09-15,-4.450306,10.0
2021-09-16,-4.921988,0.0
2021-09-17,-5.379825,0.0
2021-09-18,-5.820403,0.0
2021-09-19,-6.240653,13.0
2021-09-20,-6.637839,43.0
2021-09-21,-7.009525,65.0
2021-09-22,-7.353559,81.0
2021-09-23,-7.668037,70.0
2021-09-24,-5.749102,60.0
2021-09-25,-10.237824,45.0
2021-09-26,-10.454265,50.0
2021-09-27,-10.635409,50.0
2021-09-28,-10.780106,57.0
2021-09-29,-8.851202,70.0
2021-09-30,-8.919633,45.0
2021-10-01,-8.948173,38.0
2021-10-02,-8.935519,34.0
2021-10-03,-8.880214,27.0
2021-10-04,-8.780594,35.0
2021-10-05,-8.634749,30.0
2021-10-06,-8.440494,26.0
2021-10-07,-8.19536,16.0
2021-10-08,-7.896628,19.0
2021-10-09,-7.54142,23.0
2021-10-10,-7.126909,38.0
2021-10-11,-6.65069,30.0
2021-10-12,-6.111423,17.0
2021-10-13,-3.307686,20.0
2021-10-14,-2.648265,20.0
2021-10-15,-1.941365,12.0
2021-10-16,-1.206315,11.0
2021-10-17,-0.4748,0.0
2021-10-18,0.206418,17.0
2021-10-19,0.775931,13.0
2021-10-20,1.16525,12.0
2021-10-21,1.316513,17.0
2021-10-22,1.205679,36.0
2021-10-23,0.855768,48.0
2021-10-24,0.328258,40.0
2021-10-25,-0.299928,66.0
2021-10-26,-0.957451,90.0
2021-10-27,-1.589606,103.0
2021-10-28,-2.160576,97.0
2021-10-29,-2.650857,82.0
2021-10-30,-3.053004,76.0
2021-10-31,-3.367498,65.0
2021-11-01,-3.599451,51.0
2021-11-02,0.091516,43.0
2021-11-03,0.001602,33.0
2021-11-04,-0.029528,28.0
2021-11-05,-0.009443,37.0
2021-11-06,0.055056,34.0
2021-11-07,0.157991,30.0
2021-11-08,-3.553622,40.0
2021-11-09,-3.388677,44.0
2021-11-10,-3.198827,41.0
2021-11-11,-2.987405,43.0
2021-11-12,-2.757312,36.0
2021-11-13,-2.511095,27.0
2021-11-14,-2.25102,20.0
2021-11-15,1.868655,24.0
2021-11-16,2.150459,32.0
2021-11-17,2.440409,29.0
2021-11-18,-1.110985,23.0
2021-11-19,-0.809806,22.0
2021-11-20,-0.505504,22.0
2021-11-21,-0.199758,23.0
2021-11-22,0.105706,23.0
2021-11-23,-1.793074,33.0
2021-11-24,-1.493609,43.0
2021-11-25,1.002151,26.0
2021-11-26,1.287814,44.0
2021-11-27,1.563432,41.0
2021-11-28,5.674602,48.0
2021-11-29,5.923496,44.0
2021-11-30,6.155654,59.0
2021-12-01,6.36887,43.0
2021-12-02,6.561056,38.0
2021-12-03,6.730334,29.0
2021-12-04,6.875138,19.0
2021-12-05,6.994326,24.0
2021-12-06,7.087288,13.0
2021-12-07,7.154036,12.0
2021-12-08,7.195257,6.0
2021-12-09,7.212323,0.0
2021-12-10,7.207258,0.0
2021-12-11,7.182649,0.0
2021-12-12,3.293744,13.0
2021-12-13,3.239487,24.0
2021-12-14,3.175633,46.0
2021-12-15,3.105789,78.0
2021-12-16,3.03352,107.0
2021-12-17,0.760088,111.0
2021-12-18,0.69309,109.0
2021-12-19,0.633358,118.0
2021-12-20,0.583631,121.0
2021-12-21,0.54636,132.0
2021-12-22,2.725877,150.0
2021-12-23,2.719675,145.0
2021-12-24,2.731467,118.0
2021-12-25,2.762462,114.0
2021-12-26,2.813526,95.0
2021-12-27,2.885142,107.0
2021-12-28,2.97735,103.0
2021-12-29,0.887469,87.0
2021-12-30,1.018661,69.0
2021-12-31,1.166644,60.0
2022-01-01,1.328083,48.0
2022-01-02,3.700139,27.0
2022-01-03,3.871159,10.0
2022-01-04,4.032988,10.0
2022-01-05,4.171461,23.0
2022-01-06,4.26803,34.0
2022-01-07,4.300064,44.0
2022-01-08,4.24274,44.0
2022-01-09,4.072817,54.0
2022-01-10,3.773207,54.0
2022-01-11,3.33634,51.0
2022-01-12,2.765218,76.0
2022-01-13,2.072867,85.0
2022-01-14,1.281354,98.0
2022-01-15,4.268414,95.0
2022-01-16,3.374403,102.0
2022-01-17,2.486048,80.0
2022-01-18,-2.206431,66.0
2022-01-19,-2.97441,58.0
2022-01-20,-3.640784,57.0
2022-01-21,-4.190412,23.0
2022-01-22,-4.617797,24.0
2022-01-23,-9.163801,20.0
2022-01-24,-9.360561,33.0
2022-01-25,-9.458375,52.0
2022-01-26,-9.470805,69.0
2022-01-27,-9.411375,81.0
2022-01-28,-5.054394,72.0
2022-01-29,-4.887307,66.0
2022-01-30,-4.681266,83.0
2022-01-31,-4.444021,75.0
2022-02-01,-4.181866,77.0
2022-02-02,-3.899849,72.0
2022-02-03,-3.601989,80.0
2022-02-04,0.556317,100.0
2022-02-05,0.876945,91.0
2022-02-06,1.205645,78.0
2022-02-07,1.540743,76.0
2022-02-08,1.880828,75.0
2022-02-09,2.224661,68.0
2022-02-10,2.571105,72.0
2022-02-11,2.919057,75.0
2022-02-12,3.267399,54.0
2022-02-13,3.614948,46.0
2022-02-14,3.960411,63.0
2022-02-15,4.30235,81.0
2022-02-16,4.639143,87.0
2022-02-17,1.121159,80.0
2022-02-18,1.441894,49.0
2022-02-19,1.751194,42.0
2022-02-20,2.046404,48.0
2022-02-21,2.324569,48.0
2022-02-22,6.43024,38.0
2022-02-23,6.664352,36.0
2022-02-24,3.023267,32.0
2022-02-25,3.198914,23.0
2022-02-26,3.340032,25.0
2022-02-27,3.443589,32.0
2022-02-28,3.507283,56.0
2022-03-01,3.529811,72.0
2022-03-02,3.511074,78.0
2022-03-03,3.45226,88.0
2022-03-04,3.355793,87.0
2022-03-05,3.225161,85.0
2022-03-06,3.064667,79.0
2022-03-07,2.879165,89.0
2022-03-08,2.673813,91.0
2022-03-09,2.453871,89.0
2022-03-10,2.224546,94.0
2022-03-11,1.990891,91.0
2022-03-12,1.757724,91.0
2022-03-13,1.529583,85.0
2022-03-14,1.310702,84.0
2022-03-15,1.10499,75.0
2022-03-16,0.916029,62.0
2022-03-17,0.747078,50.0
2022-03-18,0.601083,35.0
2022-03-19,0.480693,36.0
2022-03-20,0.388286,52.0
2022-03-21,0.325994,51.0
2022-03-22,0.295733,47.0
2022-03-23,0.299238,49.0
2022-03-24,0.338098,51.0
2022-03-25,0.413789,51.0
2022-03-26,0.527711,61.0
2022-03-27,0.681213,96.0
2022-03-28,0.875614,137.0
2022-03-29,1.112211,142.0
2022-03-30,1.392269,115.0
2022-03-31,5.564773,124.0
2022-04-01,5.935183,130.0
2022-04-02,6.35205,121.0
2022-04-03,6.81564,118.0
2022-04-04,7.325418,82.0
2022-04-05,7.879621,86.0
2022-04-06,8.474707,74.0
2022-04-07,9.104676,57.0
2022-04-08,9.760344,53.0
2022-04-09,10.428647,38.0
2022-04-10,11.091433,21.0
2022-04-11,11.448177,11.0
2022-04-12,10.758422,14.0
2022-04-13,9.96769,33.0
2022-04-14,9.106238,41.0
2022-04-15,8.204447,46.0
2022-04-16,7.298815,64.0
2022-04-17,6.427168,86.0
2022-04-18,5.623242,100.0
2022-04-19,4.912524,95.0
2022-04-20,0.462551,99.0
2022-04-21,-0.025594,113.0
2022-04-22,-0.40219,111.0
2022-04-23,-0.675241,126.0
2022-04-24,-0.855888,129.0
2022-04-25,-0.956503,119.0
2022-04-26,-0.989373,132.0
2022-04-27,-0.965901,133.0
2022-04-28,-0.896224,134.0
2022-04-29,-0.789089,105.0
2022-04-30,-0.651901,50.0
2022-05-01,-0.490853,36.0
2022-05-02,-0.311098,32.0
2022-05-03,-0.116922,76.0
2022-05-04,0.088092,77.0
2022-05-05,0.300906,78.0
2022-05-06,0.518901,76.0
2022-05-07,-3.498455,64.0
2022-05-08,-3.276858,80.0
2022-05-09,-3.056526,71.0
2022-05-10,-2.839424,57.0
2022-05-11,-2.627543,80.0
2022-05-12,-2.422955,112.0
2022-05-13,-4.430029,125.0
2022-05-14,-4.24676,131.0
2022-05-15,-4.077842,145.0
2022-05-16,-3.92596,149.0
2022-05-17,-3.793943,146.0
2022-05-18,-3.684702,131.0
2022-05-19,-3.601147,144.0
2022-05-20,-3.546071,132.0
2022-05-21,-3.522001,154.0
2022-05-22,-3.531057,162.0
2022-05-23,-1.37262,144.0
2022-05-24,-3.654113,132.0
2022-05-25,-3.769152,106.0
2022-05-26,-1.883275,81.0
2022-05-27,-2.067219,59.0
2022-05-28,-2.28297,42.0
2022-05-29,-2.52799,43.0
2022-05-30,-2.799289,58.0
2022-05-31,-3.093522,69.0
2022-06-01,-3.407081,62.0
2022-06-02,-1.534003,59.0
2022-06-03,-1.874742,56.0
2022-06-04,-2.223174,66.0
2022-06-05,-2.575359,49.0
2022-06-06,-2.927411,32.0
2022-06-07,-3.275545,7.0
2022-06-08,-5.652144,3.0
2022-06-09,-5.981654,21.0
2022-06-10,-6.296814,46.0
2022-06-11,-8.796712,39.0
2022-06-12,-9.074122,53.0
2022-06-13,-9.328564,94.0
2022-06-14,-9.557592,123.0
2022-06-15,-5.520748,148.0
2022-06-16,-5.692386,150.0
2022-06-17,-5.832379,152.0
2022-06-18,-5.938932,147.0
2022-06-19,-6.010335,118.0
2022-06-20,-8.080955,96.0
2022-06-21,-8.07706,96.0
2022-06-22,-8.032967,89.0
2022-06-23,-7.946868,70.0
2022-06-24,-7.816807,61.0
2022-06-25,-7.640644,47.0
2022-06-26,-7.416016,33.0
2022-06-27,-5.104288,52.0
2022-06-28,-4.774706,62.0
2022-06-29,-4.388259,37.0
2022-06-30,-3.941972,42.0
2022-07-01,-3.433165,58.0
2022-07-02,-2.859959,64.0
2022-07-03,-2.222105,56.0
2022-07-04,0.679889,59.0
2022-07-05,-0.768111,78.0
2022-07-06,0.024945,82.0
2022-07-07,0.829148,97.0
2022-07-08,1.598009,87.0
2022-07-09,4.459298,93.0
2022-07-10,4.899658,107.0
2022-07-11,5.00202,125.0
2022-07-12,4.7213,114.0
2022-07-13,4.133249,116.0
2022-07-14,3.36386,123.0
2022-07-15,2.523235,135.0
2022-07-16,1.691625,151.0
2022-07-17,0.922725,138.0
2022-07-18,0.248549,124.0
2022-07-19,-0.3157,111.0
2022-07-20,-0.766847,133.0
2022-07-21,-3.311672,110.0
2022-07-22,-3.554816,98.0
2022-07-23,-3.709438,97.0
2022-07-24,-3.786935,80.0
2022-07-25,-3.798221,86.0
2022-07-26,-3.753263,91.0
2022-07-27,-3.660915,60.0
2022-07-28,-3.528918,42.0
2022-07-29,-1.161817,43.0
2022-07-30,-0.969797,42.0
2022-07-31,-0.755767,34.0
2022-08-01,-0.524211,27.0
2022-08-02,-0.27914,33.0
2022-08-03,-0.024214,36.0
2022-08-04,0.237156,42.0
2022-08-05,0.501707,71.0
2022-08-06,0.766248,72.0
2022-08-07,1.027581,85.0
2022-08-08,1.282435,80.0
2022-08-09,1.527413,61.0
2022-08-10,1.758953,63.0
2022-08-11,1.973299,71.0
2022-08-12,2.166507,102.0
2022-08-13,2.334478,109.0
2022-08-14,2.47304,110.0
2022-08-15,0.37589,110.0
2022-08-16,0.443484,123.0
2022-08-17,0.470181,111.0
2022-08-18,0.453166,87.0
2022-08-19,0.390473,83.0
2022-08-20,0.28111,74.0
2022-08-21,0.125112,58.0
2022-08-22,2.125675,71.0
2022-08-23,1.880343,50.0
2022-08-24,1.59392,60.0
2022-08-25,1.269604,93.0
2022-08-26,0.911018,94.0
2022-08-27,0.522081,94.0
2022-08-28,0.106908,83.0
2022-08-29,-0.330274,70.0
2022-08-30,-0.785191,48.0
2022-08-31,-1.253577,43.0
2022-09-01,-1.731229,62.0
2022-09-02,-2.214043,63.0
2022-09-03,-2.698061,68.0
2022-09-04,-3.179499,72.0
2022-09-05,-3.654779,83.0
2022-09-06,-4.12055,75.0
2022-09-07,-6.775877,96.0
2022-09-08,-7.213543,97.0
2022-09-09,-7.633107,103.0
2022-09-10,-8.03219,117.0
2022-09-11,-8.408637,128.0
2022-09-12,-8.760497,141.0
2022-09-13,-9.085993,118.0
2022-09-14,-9.383496,91.0
2022-09-15,-9.651482,101.0
2022-09-16,-9.888498,92.0
2022-09-17,-10.093106,86.0
2022-09-18,-10.263841,73.0
2022-09-19,-10.399144,70.0
2022-09-20,-8.295131,68.0
2022-09-21,-8.354228,84.0
2022-09-22,-8.37204,105.0
2022-09-23,-8.345982,131.0
2022-09-24,-12.511244,147.0
2022-09-25,-12.387881,135.0
2022-09-26,-12.210042,132.0
2022-09-27,-11.97313,108.0
2022-09-28,-11.672105,85.0
2022-09-29,-11.301714,72.0
2022-09-30,-8.820924,76.0
2022-10-01,-8.297881,110.0
2022-10-02,-7.695067,128.0
2022-10-03,-7.015498,165.0
2022-10-04,-6.269581,167.0
2022-10-05,-3.276502,164.0
2022-10-06,-2.476431,162.0
2022-10-07,-1.719169,163.0
2022-10-08,-1.069906,154.0
2022-10-09,-0.59651,129.0
2022-10-10,-0.351466,120.0
2022-10-11,-0.35323,106.0
2022-10-12,-0.578947,103.0
2022-10-13,-0.974407,83.0
2022-10-14,-1.473733,82.0
2022-10-15,-2.016504,46.0
2022-10-16,-2.556403,75.0
2022-10-17,-3.06258,73.0
2022-10-18,-3.517223,50.0
2022-10-19,-3.912016,49.0
2022-10-20,-4.244906,36.0
2022-10-21,-4.5176,57.0
2022-10-22,-4.733845,70.0
2022-10-23,-4.898305,52.0
2022-10-24,-5.015885,54.0
2022-10-25,-5.091348,78.0
2022-10-26,-5.129114,83.0
2022-10-27,-5.133177,86.0
2022-10-28,-5.107087,89.0
2022-10-29,-5.053965,87.0
2022-10-30,-4.976543,75.0
2022-10-31,-4.877205,63.0
2022-11-01,-4.758034,85.0
2022-11-02,-4.620855,98.0
2022-11-03,-4.467277,78.0
2022-11-04,-6.500904,103.0
2022-11-05,-6.318661,115.0
2022-11-06,-6.123888,96.0
2022-11-07,-5.917654,100.0
2022-11-08,-5.70096,103.0
2022-11-09,-5.474759,98.0
2022-11-10,-5.239974,85.0
2022-11-11,-4.997515,74.0
2022-11-12,-4.748296,88.0
2022-11-13,1.556727,111.0
2022-11-14,1.81666,96.0
2022-11-15,-1.767305,86.0
2022-11-16,-1.500616,90.0
2022-11-17,-1.232141,59.0
2022-11-18,-0.963004,57.0
2022-11-19,-0.694374,75.0
2022-11-20,-0.427463,87.0
2022-11-21,-0.163511,77.0
2022-11-22,0.096223,73.0
2022-11-23,0.350485,71.0
2022-11-24,0.598045,76.0
2022-11-25,0.83773,72.0
2022-11-26,1.068452,78.0
2022-11-27,1.28925,72.0
2022-11-28,1.499319,56.0
2022-11-29,1.698057,28.0
2022-11-30,1.885095,28.0
2022-12-01,-0.141848,51.0
2022-12-02,0.021766,71.0
2022-12-03,0.174249,75.0
2022-12-04,0.316399,93.0
2022-12-05,0.449311,103.0
2022-12-06,0.574362,119.0
2022-12-07,0.69318,127.0
2022-12-08,0.807606,128.0
2022-12-09,0.919649,111.0
2022-12-10,1.031439,122.0
2022-12-11,1.14518,140.0
2022-12-12,1.263102,157.0
2022-12-13,3.589586,159.0
2022-12-14,3.722413,148.0
2022-12-15,3.865769,141.0
2022-12-16,4.021476,131.0
2022-12-17,4.191084,131.0
2022-12-18,2.173571,127.0
2022-12-19,2.373876,113.0
2022-12-20,0.387368,112.0
2022-12-21,0.616802,100.0
2022-12-22,0.856319,98.0
2022-12-23,3.301046,85.0
2022-12-24,3.534089,93.0
2022-12-25,3.7364,105.0
2022-12-26,3.874791,115.0
2022-12-27,6.107952,94.0
2022-12-28,5.992197,103.0
2022-12-29,5.714563,123.0
2022-12-30,5.285848,124.0
2022-12-31,4.728617,98.0
2023-01-01,1.865854,108.0
2023-01-02,1.128791,109.0
2023-01-03,0.345117,108.0
2023-01-04,-0.452429,96.0
2023-01-05,0.971856,112.0
2023-01-06,-3.993581,131.0
2023-01-07,-4.644928,133.0
2023-01-08,-5.203174,135.0
2023-01-09,-5.659673,148.0
2023-01-10,-1.77526,179.0
2023-01-11,-2.031287,168.0
2023-01-12,-2.198266,171.0
2023-01-13,-2.286808,178.0
2023-01-14,-2.307963,189.0
2023-01-15,-2.272252,199.0
2023-01-16,-2.189134,190.0
2023-01-17,-2.066773,188.0
2023-01-18,-1.912025,195.0
2023-01-19,2.117267,205.0
2023-01-20,2.32095,206.0
2023-01-21,2.543151,195.0
2023-01-22,2.780945,166.0
2023-01-23,3.032003,162.0
2023-01-24,3.294461,151.0
2023-01-25,-0.280979,137.0
2023-01-26,3.1e-05,110.0
2023-01-27,0.288647,86.0
2023-01-28,0.583946,85.0
2023-01-29,0.88507,79.0
2023-01-30,1.191179,76.0
2023-01-31,1.501403,80.0
2023-02-01,1.814803,72.0
2023-02-02,2.130323,58.0
2023-02-03,2.446747,64.0
2023-02-04,2.762649,71.0
2023-02-05,3.076336,74.0
2023-02-06,3.385781,111.0
2023-02-07,3.688543,107.0
2023-02-08,3.981671,125.0
2023-02-09,4.261584,129.0
2023-02-10,4.523944,163.0
2023-02-11,4.763533,166.0
2023-02-12,4.974188,159.0
2023-02-13,5.148892,177.0
2023-02-14,5.280169,159.0
2023-02-15,9.208711,121.0
2023-02-16,9.23344,91.0
2023-02-17,9.199506,86.0
2023-02-18,9.107784,104.0
2023-02-19,8.962379,107.0
2023-02-20,8.769589,112.0
2023-02-21,8.536725,104.0
2023-02-22,8.271205,86.0
2023-02-23,7.980071,90.0
2023-02-24,7.669801,117.0
2023-02-25,7.346302,127.0
2023-02-26,7.014966,119.0
2023-02-27,6.680732,126.0
2023-02-28,6.348149,91.0
2023-03-01,6.021409,93.0
2023-03-02,5.70438,100.0
2023-03-03,5.400621,119.0
2023-03-04,5.113395,127.0
2023-03-05,4.845687,151.0
2023-03-06,4.600222,185.0
2023-03-07,4.379483,186.0
2023-03-08,4.185743,166.0
2023-03-09,4.021095,156.0
2023-03-10,0.0397,148.0
2023-03-11,-0.061006,149.0
2023-03-12,-0.127019,136.0
2023-03-13,-0.156547,104.0
2023-03-14,-0.147765,115.0
2023-03-15,-0.098765,107.0
2023-03-16,-0.007527,94.0
2023-03-17,0.128101,72.0
2023-03-18,0.310396,44.0
2023-03-19,0.541706,73.0
2023-03-20,0.824328,83.0
2023-03-21,1.160277,96.0
2023-03-22,1.550869,104.0
2023-03-23,1.996036,112.0
2023-03-24,2.493204,149.0
2023-03-25,6.883269,153.0
2023-03-26,7.456482,154.0
2023-03-27,8.034317,158.0
2023-03-28,8.570261,148.0
2023-03-29,8.986476,158.0
2023-03-30,9.171938,108.0
2023-03-31,9.027811,75.0
2023-04-01,8.546739,47.0
2023-04-02,7.80729,44.0
2023-04-03,3.058869,61.0
2023-04-04,2.081758,65.0
2023-04-05,1.096621,53.0
2023-04-06,0.155612,49.0
2023-04-07,-0.705447,48.0
2023-04-08,-1.465828,48.0
2023-04-09,-2.117209,60.0
2023-04-10,-6.898478,90.0
2023-04-11,-7.339605,109.0
2023-04-12,-7.688241,130.0
2023-04-13,-3.716749,150.0
2023-04-14,-3.912042,163.0
2023-04-15,-4.045631,177.0
2023-04-16,-4.126135,183.0
2023-04-17,-4.160987,149.0
2023-04-18,-4.156465,135.0
2023-04-19,-4.117801,103.0
2023-04-20,-6.251487,103.0
2023-04-21,-6.156709,104.0
2023-04-22,-6.038532,97.0
2023-04-23,-3.697132,83.0
2023-04-24,-3.538784,73.0
2023-04-25,-3.362881,73.0
2023-04-26,-3.170722,97.0
2023-04-27,0.884396,109.0
2023-04-28,1.105956,111.0
2023-04-29,-2.506867,111.0
2023-04-30,-2.259252,102.0
2023-05-01,-1.999729,104.0
2023-05-02,-1.729047,123.0
2023-05-03,-1.448005,124.0
2023-05-04,-1.157485,138.0
2023-05-05,-0.858487,115.0
2023-05-06,-0.552165,116.0
2023-05-07,-0.239865,133.0
2023-05-08,0.076838,128.0
2023-05-09,0.396102,176.0
2023-05-10,4.56357,165.0
2023-05-11,1.033378,157.0
2023-05-12,1.346034,145.0
2023-05-13,1.65048,133.0
2023-05-14,1.943036,131.0
2023-05-15,2.219616,113.0
2023-05-16,2.475776,106.0
2023-05-17,6.554591,110.0
2023-05-18,6.755651,120.0
2023-05-19,6.922042,142.0
2023-05-20,7.049496,144.0
2023-05-21,7.134556,146.0
2023-05-22,7.174949,136.0
2023-05-23,7.169891,127.0
2023-05-24,7.120239,151.0
2023-05-25,7.028461,150.0
2023-05-26,6.898424,145.0
2023-05-27,6.735056,137.0
2023-05-28,6.543978,144.0
2023-05-29,6.331151,158.0
2023-05-30,6.102594,166.0
2023-05-31,5.864171,177.0
2023-06-01,5.621449,153.0
2023-06-02,5.37962,145.0
2023-06-03,5.143453,143.0
2023-06-04,4.917288,144.0
2023-06-05,4.705052,158.0
2023-06-06,0.662493,185.0
2023-06-07,0.488395,198.0
2023-06-08,0.337872,181.0
2023-06-09,0.2136,167.0
2023-06-10,0.118082,148.0
2023-06-11,0.053719,146.0
2023-06-12,0.022876,114.0
2023-06-13,0.027945,93.0
2023-06-14,0.071413,117.0
2023-06-15,0.155911,122.0
2023-06-16,0.28425,131.0
2023-06-17,0.459431,130.0
2023-06-18,0.684599,160.0
2023-06-19,0.962926,182.0
2023-06-20,1.297374,206.0
2023-06-21,5.538073,217.0
2023-06-22,5.990504,240.0
2023-06-23,6.501289,228.0
2023-06-24,7.065678,223.0
2023-06-25,7.673574,204.0
2023-06-26,8.307235,171.0
2023-06-27,8.937978,156.0
2023-06-28,9.520184,136.0
2023-06-29,9.979147,111.0
2023-06-30,10.202237,106.0
2023-07-01,10.106146,136.0
2023-07-02,9.752068,148.0
2023-07-03,9.266596,154.0
2023-07-04,8.739017,140.0
2023-07-05,8.220243,135.0
2023-07-06,7.73884,145.0
2023-07-07,7.309894,159.0
2023-07-08,6.939766,177.0
2023-07-09,6.62917,180.0
2023-07-10,2.527567,191.0
2023-07-11,2.325883,210.0
2023-07-12,2.170811,196.0
2023-07-13,-0.14553,152.0
2023-07-14,-0.224288,152.0
2023-07-15,-0.27273,127.0
2023-07-16,-0.295454,166.0
2023-07-17,1.905625,159.0
2023-07-18,1.922541,168.0
2023-07-19,1.954283,165.0
2023-07-20,1.998028,177.0
2023-07-21,2.051259,150.0
2023-07-22,5.95949,140.0
2023-07-23,2.177249,144.0
2023-07-24,2.245949,140.0
2023-07-25,2.315907,138.0
2023-07-26,6.23306,153.0
2023-07-27,6.299957,146.0
2023-07-28,6.36248,165.0
2023-07-29,6.418642,178.0
2023-07-30,6.466366,181.0
2023-07-31,2.655676,187.0
2023-08-01,2.679871,180.0
2023-08-02,2.688791,163.0
2023-08-03,2.680016,145.0
2023-08-04,2.651123,132.0
2023-08-05,2.599755,131.0
2023-08-06,2.523689,122.0
2023-08-07,2.420924,126.0
2023-08-08,2.289759,123.0
2023-08-09,2.128863,102.0
2023-08-10,1.937342,109.0
2023-08-11,1.714773,105.0
2023-08-12,1.461236,80.0
2023-08-13,1.177315,101.0
2023-08-14,0.86409,118.0
2023-08-15,0.523117,122.0
2023-08-16,0.156385,148.0
2023-08-17,-0.233719,145.0
2023-08-18,-0.644467,124.0
2023-08-19,-1.07285,130.0
2023-08-20,-1.515637,101.0
2023-08-21,-1.969446,110.0
2023-08-22,-6.669017,114.0
2023-08-23,-7.134439,105.0
2023-08-24,-7.600469,92.0
2023-08-25,-8.063745,90.0
2023-08-26,-8.521039,91.0
2023-08-27,-8.969292,84.0
2023-08-28,-9.40563,82.0
2023-08-29,-9.827382,90.0
2023-08-30,-10.232074,104.0
2023-08-31,-10.617417,89.0
2023-09-01,-10.981292,86.0
2023-09-02,-15.813462,82.0
2023-09-03,-16.128544,91.0
2023-09-04,-16.416456,102.0
2023-09-05,-16.675369,115.0
2023-09-06,-16.903394,120.0
2023-09-07,-12.606771,132.0
2023-09-08,-12.766786,117.0
2023-09-09,-12.889195,133.0
2023-09-10,-10.935099,173.0
2023-09-11,-10.973234,190.0
2023-09-12,-10.963677,145.0
2023-09-13,-10.901898,131.0
2023-09-14,-10.782672,134.0
2023-09-15,-10.600086,109.0
2023-09-16,-10.347656,88.0
2023-09-17,-10.018624,89.0
2023-09-18,-9.606561,127.0
2023-09-19,-9.10642,149.0
2023-09-20,-8.516214,170.0
2023-09-21,-7.839502,194.0
2023-09-22,-4.886511,200.0
2023-09-23,-4.086589,196.0
2023-09-24,-3.27824,176.0
2023-09-25,-2.518139,169.0
2023-09-26,-1.873657,140.0
2023-09-27,-1.410141,133.0
2023-09-28,-1.173023,116.0
2023-09-29,-1.172898,103.0
2023-09-30,-1.383087,117.0
2023-10-01,-1.751421,151.0
2023-10-02,-2.21794,168.0
2023-10-03,-2.728843,144.0
2023-10-04,-3.243009,154.0
2023-10-05,-3.732682,159.0
2023-10-06,-4.18123,158.0
2023-10-07,-4.580147,134.0
2023-10-08,-4.926348,144.0
2023-10-09,-5.220097,153.0
2023-10-10,-5.463558,132.0
2023-10-11,-5.659845,145.0
2023-10-12,-5.812433,137.0
2023-10-13,-5.924802,113.0
2023-10-14,-6.000246,111.0
2023-10-15,-6.041772,104.0
2023-10-16,-6.052066,97.0
2023-10-17,-2.185693,74.0
2023-10-18,-2.14028,66.0
2023-10-19,-2.06979,57.0
2023-10-20,-1.975717,67.0
2023-10-21,-1.85932,68.0
2023-10-22,-5.569446,55.0
2023-10-23,-5.411388,34.0
2023-10-24,-5.233656,39.0
2023-10-25,-5.036838,33.0
2023-10-26,-4.821406,54.0
2023-10-27,-6.789915,58.0
2023-10-28,-6.538317,49.0
2023-10-29,-6.269032,58.0
2023-10-30,-5.982265,73.0
2023-10-31,-5.6782,107.0
2023-11-01,-5.357017,115.0
2023-11-02,-2.816736,122.0
2023-11-03,-2.461947,121.0
2023-11-04,-2.090769,92.0
2023-11-05,-1.703582,91.0
2023-11-06,-1.300877,77.0
2023-11-07,-0.883279,78.0
2023-11-08,-0.451573,113.0
2023-11-09,-0.006729,99.0
2023-11-10,0.450074,94.0
2023-11-11,0.917433,81.0
2023-11-12,1.393703,82.0
2023-11-13,1.876994,73.0
2023-11-14,2.365173,60.0
2023-11-15,2.855877,33.0
2023-11-16,3.346535,30.0
2023-11-17,3.834405,26.0
2023-11-18,4.316619,32.0
2023-11-19,4.790236,68.0
2023-11-20,5.252284,96.0
2023-11-21,5.699795,153.0
2023-11-22,6.129773,160.0
2023-11-23,6.538962,186.0
2023-11-24,6.922864,167.0
2023-11-25,11.118346,177.0
2023-11-26,11.36597,171.0
2023-11-27,11.261248,158.0
2023-11-28,10.959064,150.0
2023-11-29,6.772477,161.0
2023-11-30,6.420719,148.0
2023-12-01,6.063262,123.0
2023-12-02,5.70447,100.0
2023-12-03,5.347878,104.0
2023-12-04,4.996696,113.0
2023-12-05,4.653988,107.0
2023-12-06,4.322766,134.0
2023-12-07,7.853855,125.0
2023-12-08,7.554803,113.0
2023-12-09,7.276722,127.0
2023-12-10,7.023219,123.0
2023-12-11,6.798294,92.0
2023-12-12,6.606442,96.0
2023-12-13,6.45275,110.0
2023-12-14,2.495138,117.0
2023-12-15,2.435494,114.0
2023-12-16,2.432735,124.0
2023-12-17,2.493577,112.0
2023-12-18,2.624065,138.0
2023-12-19,2.828574,150.0
2023-12-20,3.108541,149.0
2023-12-21,3.461111,152.0
2023-12-22,3.878032,148.0
2023-12-23,4.345224,138.0
2023-12-24,4.843283,117.0
2023-12-25,5.348812,113.0
2023-12-26,5.835735,110.0
2023-12-27,6.274915,76.0
2023-12-28,10.477308,95.0
2023-12-29,10.694979,83.0
2023-12-30,10.725687,65.0
2023-12-31,10.5877,52.0
2024-01-01,10.355386,55.0
2024-01-02,10.086372,68.0
2024-01-03,9.810299,59.0
2024-01-04,9.541462,100.0
2024-01-05,9.286828,119.0
2024-01-06,9.049675,148.0
2024-01-07,8.831291,172.0
2024-01-08,8.631834,162.0
2024-01-09,4.60302,158.0
2024-01-10,4.439567,178.0
2024-01-11,4.292616,186.0
2024-01-12,4.160998,182.0
2024-01-13,4.043513,181.0
2024-01-14,3.938956,161.0
2024-01-15,3.846151,140.0
2024-01-16,3.763948,134.0
2024-01-17,7.53903,147.0
2024-01-18,3.626944,130.0
2024-01-19,3.570022,143.0
2024-01-20,3.519456,134.0
2024-01-21,3.474254,155.0
2024-01-22,3.433445,166.0
2024-01-23,3.396072,148.0
2024-01-24,3.361196,124.0
2024-01-25,3.327892,92.0
2024-01-26,3.295254,83.0
2024-01-27,3.262395,64.0
2024-01-28,3.228454,68.0
2024-01-29,7.040401,74.0
2024-01-30,7.00187,74.0
2024-01-31,6.959933,100.0
2024-02-01,6.91394,117.0
2024-02-02,6.863325,122.0
2024-02-03,6.807628,124.0
2024-02-04,6.746501,135.0
2024-02-05,2.831939,158.0
2024-02-06,2.759452,159.0
2024-02-07,2.681331,148.0
2024-02-08,2.597814,161.0
2024-02-09,2.509306,127.0
2024-02-10,2.416369,151.0
2024-02-11,2.319724,162.0
2024-02-12,2.220241,156.0
2024-02-13,2.118926,136.0
2024-02-14,2.016905,141.0
2024-02-15,1.915414,150.0
2024-02-16,1.815777,139.0
2024-02-17,5.567182,113.0
2024-02-18,5.475498,100.0
2024-02-19,5.390011,73.0
2024-02-20,5.312248,54.0
2024-02-21,5.243754,49.0
2024-02-22,5.186094,56.0
2024-02-23,1.293056,104.0
2024-02-24,1.261823,108.0
2024-02-25,-0.955951,115.0
2024-02-26,-0.954255,132.0
2024-02-27,-0.933562,120.0
2024-02-28,-0.892112,130.0
2024-02-29,-0.82808,126.0
2024-03-01,-0.739569,117.0
2024-03-02,-0.624621,96.0
2024-03-03,-0.481245,102.0
2024-03-04,1.894703,109.0
2024-03-05,2.100696,110.0
2024-03-06,2.340402,100.0
2024-03-07,2.614652,96.0
2024-03-08,6.770871,102.0
2024-03-09,7.111062,96.0
2024-03-10,7.477204,77.0
2024-03-11,1.807995,74.0
2024-03-12,2.183302,83.0
2024-03-13,2.519933,81.0
2024-03-14,2.767489,68.0
2024-03-15,2.86128,52.0
2024-03-16,4.944814,62.0
2024-03-17,4.592136,73.0
2024-03-18,4.029867,120.0
2024-03-19,3.30934,132.0
2024-03-20,2.489017,123.0
2024-03-21,1.624853,159.0
2024-03-22,0.765615,163.0
2024-03-23,-0.050173,154.0
2024-03-24,-0.79573,161.0
2024-03-25,-1.455661,163.0
2024-03-26,-2.024124,138.0
2024-03-27,-2.502291,113.0
2024-03-28,-2.895814,98.0
2024-03-29,-3.212734,79.0
2024-03-30,-3.461957,51.0
2024-03-31,-3.652274,63.0
2024-04-01,-3.791804,31.0
2024-04-02,-3.887735,36.0
2024-04-03,-3.946243,37.0
2024-04-04,-3.972535,49.0
2024-04-05,-3.970927,78.0
2024-04-06,-6.147141,80.0
2024-04-07,-6.099701,83.0
2024-04-08,-6.033108,78.0
2024-04-09,-5.949221,56.0
2024-04-10,-5.84952,56.0
2024-04-11,-5.735169,91.0
2024-04-12,-5.607081,87.0
2024-04-13,-5.465963,121.0
2024-04-14,-5.312359,150.0
2024-04-15,-2.944506,171.0
2024-04-16,-2.767075,185.0
2024-04-17,-2.578131,211.0
2024-04-18,-2.377872,224.0
2024-04-19,1.681327,242.0
2024-04-20,1.903716,232.0
2024-04-21,2.136909,233.0
2024-04-22,2.380692,266.0
2024-04-23,-1.212998,268.0
2024-04-24,-0.948925,251.0
2024-04-25,-2.877509,211.0
2024-04-26,-0.392794,142.0
2024-04-27,-0.102036,138.0
2024-04-28,0.196038,117.0
2024-04-29,0.50032,99.0
2024-04-30,0.809466,86.0
2024-05-01,1.121872,119.0
2024-05-02,1.435639,144.0
2024-05-03,1.748554,160.0
2024-05-04,2.058055,186.0
2024-05-05,2.361223,185.0
2024-05-06,2.654763,205.0
2024-05-07,2.935009,192.0
2024-05-08,3.197952,171.0
2024-05-09,1.237122,181.0
2024-05-10,1.452407,172.0
2024-05-11,1.637176,173.0
2024-05-12,1.78725,199.0
2024-05-13,1.899065,244.0
2024-05-14,1.970053,203.0
2024-05-15,1.998981,208.0
2024-05-16,1.986166,213.0
2024-05-17,1.933488,203.0
2024-05-18,1.844195,180.0
2024-05-19,1.72255,181.0
2024-05-20,1.573428,155.0
2024-05-21,1.401939,177.0
2024-05-22,1.21313,165.0
2024-05-23,-3.226419,143.0
2024-05-24,-3.435867,142.0
2024-05-25,-3.649418,112.0
2024-05-26,-3.863485,130.0
2024-05-27,-4.074864,144.0
2024-05-28,-4.280687,164.0
2024-05-29,-2.276184,169.0
2024-05-30,-2.46332,159.0
2024-05-31,1.600559,156.0
2024-06-01,1.441253,178.0
2024-06-02,1.299247,205.0
2024-06-03,1.176955,213.0
2024-06-04,1.077025,213.0
2024-06-05,1.002426,181.0
2024-06-06,0.956512,158.0
2024-06-07,-1.259137,163.0
2024-06-08,-1.236056,173.0
2024-06-09,-1.172131,154.0
2024-06-10,-1.063243,124.0
2024-06-11,-0.906011,106.0
2024-06-12,-0.698599,124.0
2024-06-13,-0.441698,151.0
2024-06-14,-0.13951,158.0
2024-06-15,6.249513,148.0
2024-06-16,2.764941,151.0
2024-06-17,3.136163,140.0
2024-06-18,3.497469,133.0
2024-06-19,3.831465,151.0
2024-06-20,4.123601,165.0
2024-06-21,8.211787,150.0
2024-06-22,8.396168,159.0
2024-06-23,8.525769,163.0
2024-06-24,8.606261,153.0
2024-06-25,8.6461,146.0
2024-06-26,8.654771,179.0
2024-06-27,8.641409,174.0
2024-06-28,8.613962,179.0
2024-06-29,8.578874,219.0
2024-06-30,8.541103,212.0
2024-07-01,8.504319,198.0
2024-07-02,8.47116,197.0
2024-07-03,8.443475,178.0
2024-07-04,8.422529,138.0
2024-07-05,8.409171,138.0
2024-07-06,8.40395,128.0
2024-07-07,8.407211,121.0
2024-07-08,8.41915,111.0
2024-07-09,8.439859,143.0
2024-07-10,8.469352,183.0
2024-07-11,8.507577,172.0
2024-07-12,8.554422,162.0
2024-07-13,8.609714,176.0
2024-07-14,8.673205,211.0
2024-07-15,8.74456,242.0
2024-07-16,8.823335,286.0
2024-07-17,8.908948,284.0
2024-07-18,9.000642,290.0
2024-07-19,9.097441,274.0
2024-07-20,9.19809,228.0
2024-07-21,9.300989,219.0
2024-07-22,9.404105,172.0
2024-07-23,9.504879,173.0
2024-07-24,9.600125,173.0
2024-07-25,9.685953,180.0
2024-07-26,9.757749,198.0
2024-07-27,9.810289,210.0
2024-07-28,9.838045,202.0
2024-07-29,9.83574,213.0
2024-07-30,9.799029,231.0
2024-07-31,9.725119,270.0
2024-08-01,9.613043,259.0
2024-08-02,9.463517,241.0
2024-08-03,9.278489,231.0
2024-08-04,9.060637,231.0
2024-08-05,8.812964,214.0
2024-08-06,8.538557,240.0
2024-08-07,8.240476,275.0
2024-08-08,7.921721,285.0
2024-08-09,7.585238,264.0
2024-08-10,7.233935,250.0
2024-08-11,3.022895,245.0
2024-08-12,2.650548,230.0
2024-08-13,2.27191,209.0
2024-08-14,1.889737,178.0
2024-08-15,1.50671,157.0
2024-08-16,1.125424,199.0
2024-08-17,0.74837,198.0
2024-08-18,0.377926,202.0
2024-08-19,0.016359,225.0
2024-08-20,-0.334165,217.0
2024-08-21,-4.909776,210.0
2024-08-22,-5.232026,213.0
2024-08-23,-5.537108,214.0
2024-08-24,-5.822966,223.0
2024-08-25,-6.087435,204.0
2024-08-26,-6.328165,220.0
2024-08-27,-2.304317,182.0
2024-08-28,-2.4893,189.0
2024-08-29,-2.641385,153.0
2024-08-30,-2.756419,158.0
2024-08-31,-2.829479,181.0
2024-09-01,-2.854751,170.0
2024-09-02,-2.825434,182.0
2024-09-03,-4.935916,171.0
2024-09-04,-4.773192,169.0
2024-09-05,-4.530303,170.0
2024-09-06,-4.198352,177.0
2024-09-07,-3.769901,168.0
2024-09-08,-3.240745,156.0
2024-09-09,-2.61223,152.0
2024-09-10,-1.893816,141.0
2024-09-11,-1.105321,147.0
2024-09-12,1.924102,132.0
2024-09-13,2.747865,109.0
2024-09-14,3.517418,107.0
2024-09-15,4.177277,95.0
2024-09-16,4.672685,132.0
2024-09-17,4.96051,132.0
2024-09-18,5.027907,102.0
2024-09-19,4.904174,105.0
2024-09-20,4.646163,117.0
2024-09-21,4.311266,122.0
2024-09-22,3.942908,129.0
2024-09-23,7.417352,123.0
2024-09-24,7.056257,134.0
2024-09-25,6.717184,129.0
2024-09-26,6.405151,136.0
2024-09-27,6.122235,154.0
2024-09-28,5.868732,154.0
2024-09-29,5.6439,149.0
2024-09-30,1.59864,169.0
2024-10-01,1.426955,213.0
2024-10-02,1.279382,211.0
2024-10-03,1.154275,207.0
2024-10-04,1.050072,210.0
2024-10-05,0.965331,182.0
2024-10-06,0.89875,170.0
2024-10-07,0.849171,163.0
2024-10-08,0.815577,140.0
2024-10-09,0.797089,142.0
2024-10-10,0.792958,141.0
2024-10-11,0.802555,136.0
2024-10-12,0.825363,125.0
2024-10-13,0.860969,137.0
2024-10-14,0.909051,136.0
2024-10-15,0.96937,109.0
2024-10-16,1.041763,119.0
2024-10-17,1.126128,143.0
2024-10-18,1.222418,138.0
2024-10-19,1.330626,132.0
2024-10-20,1.450778,134.0
2024-10-21,1.582915,162.0
2024-10-22,1.727084,117.0
2024-10-23,1.883323,120.0
2024-10-24,2.051642,135.0
2024-10-25,2.232014,180.0
2024-10-26,2.424353,217.0
2024-10-27,2.6285,241.0
2024-10-28,2.844204,244.0
2024-10-29,3.07111,221.0
2024-10-30,3.308738,205.0
2024-10-31,3.556471,209.0
2024-11-01,3.81354,223.0
2024-11-02,4.079016,211.0
2024-11-03,4.351788,207.0
2024-11-04,4.630561,191.0
2024-11-05,4.913825,207.0
2024-11-06,5.199832,207.0
2024-11-07,3.284352,210.0
2024-11-08,3.569267,189.0
2024-11-09,3.84927,164.0
2024-11-10,4.120074,160.0
2024-11-11,4.375137,151.0
2024-11-12,4.603256,117.0
2024-11-13,4.783738,111.0
2024-11-14,4.88165,91.0
2024-11-15,0.624031,71.0
2024-11-16,0.490798,73.0
2024-11-17,0.278562,96.0
2024-11-18,0.01697,115.0
2024-11-19,-0.277349,124.0
2024-11-20,-0.595508,123.0
2024-11-21,-0.932298,118.0
2024-11-22,-1.284185,146.0
2024-11-23,4.792032,152.0
2024-11-24,4.418181,172.0
2024-11-25,1.835173,171.0
2024-11-26,1.450404,159.0
2024-11-27,1.065304,205.0
2024-11-28,0.684266,172.0
2024-11-29,0.312705,163.0
2024-11-30,2.159467,124.0
2024-12-01,1.828322,124.0
2024-12-02,1.531135,133.0
2024-12-03,1.279098,122.0
2024-12-04,1.084568,123.0
2024-12-05,-3.277872,120.0
2024-12-06,-3.319743,105.0
2024-12-07,-3.26952,133.0
2024-12-08,-3.121547,140.0
2024-12-09,-0.839782,115.0
2024-12-10,-0.502802,135.0
2024-12-11,-0.087439,108.0
2024-12-12,0.388354,106.0
2024-12-13,3.105776,112.0
2024-12-14,3.638752,99.0
2024-12-15,4.168888,103.0
2024-12-16,4.677838,99.0
2024-12-17,5.149548,90.0
2024-12-18,5.569299,113.0
2024-12-19,5.921938,128.0
2024-12-20,6.190105,149.0
2024-12-21,6.355073,164.0
2024-12-22,6.404255,183.0
2024-12-23,6.342326,224.0
2024-12-24,6.1914,223.0
2024-12-25,5.978449,241.0
2024-12-26,5.725322,255.0
2024-12-27,5.44681,257.0
2024-12-28,5.152298,254.0
2024-12-29,4.847669,233.0
2024-12-30,4.536646,218.0
2024-12-31,4.221616,183.0
2025-01-01,3.904129,198.0
2025-01-02,3.585203,187.0
2025-01-03,3.265516,199.0
2025-01-04,2.945526,211.0
2025-01-05,2.625556,194.0
2025-01-06,2.305852,169.0
2025-01-07,1.986617,133.0
2025-01-08,-0.534133,120.0
2025-01-09,-0.851842,158.0
2025-01-10,-1.168458,129.0
2025-01-11,-1.483714,108.0
2025-01-12,-1.797299,112.0
2025-01-13,-2.108843,90.0
2025-01-14,-2.417921,78.0
2025-01-15,-2.724042,84.0
2025-01-16,-3.026649,127.0
2025-01-17,-3.325119,150.0
2025-01-18,-3.618761,141.0
2025-01-19,-1.704644,150.0
2025-01-20,-4.188477,185.0
2025-01-21,-4.462854,166.0
2025-01-22,-4.729019,147.0
2025-01-23,-4.985993,172.0
2025-01-24,-5.23276,138.0
2025-01-25,-5.468271,120.0
2025-01-26,-3.489282,108.0
2025-01-27,-3.699068,56.0
2025-01-28,-3.894375,78.0
2025-01-29,-4.074137,84.0
2025-01-30,-4.23731,108.0
2025-01-31,-4.382881,147.0
2025-02-01,-4.509875,159.0
2025-02-02,-4.617364,183.0
2025-02-03,-4.704465,189.0
2025-02-04,-4.770349,177.0
2025-02-05,-4.81423,165.0
2025-02-06,-4.835368,186.0
2025-02-07,-4.833056,164.0
2025-02-08,-4.80661,135.0
2025-02-09,-4.755358,130.0
2025-02-10,-4.678619,115.0
2025-02-11,-6.777869,95.0
2025-02-12,-10.886223,101.0
2025-02-13,-10.728638,114.0
2025-02-14,-10.54246,161.0
2025-02-15,-10.326749,170.0
2025-02-16,-10.080505,205.0
2025-02-17,-5.564473,203.0
2025-02-18,-5.254056,173.0
2025-02-19,-2.707967,135.0
2025-02-20,-2.329962,144.0
2025-02-21,-1.917847,167.0
2025-02-22,-1.472619,182.0
2025-02-23,-0.996948,189.0
2025-02-24,-0.496131,169.0
2025-02-25,0.02057,169.0
2025-02-26,0.538164,126.0
2025-02-27,1.033874,135.0
2025-02-28,1.475325,119.0
2025-03-01,1.820332,116.0
2025-03-02,2.020703,146.0
2025-03-03,-0.169826,123.0
2025-03-04,-0.372043,153.0
2025-03-05,-0.782672,143.0
2025-03-06,-1.365489,129.0
2025-03-07,0.137947,106.0
2025-03-08,-0.614604,90.0
2025-03-09,-1.36452,101.0
2025-03-10,-2.067742,107.0
2025-03-11,-4.896995,142.0
2025-03-12,-5.432066,157.0
2025-03-13,-5.870086,173.0
2025-03-14,-6.213545,182.0
2025-03-15,-6.469497,183.0
2025-03-16,-6.647244,206.0
2025-03-17,-8.792781,205.0
2025-03-18,-8.843675,196.0
2025-03-19,-8.844736,165.0
2025-03-20,-8.803657,163.0
2025-03-21,-4.488794,151.0
2025-03-22,-4.382075,173.0
2025-03-23,-4.249845,126.0
2025-03-24,-8.334045,78.0
2025-03-25,-8.161291,79.0
2025-03-26,-7.972248,46.0
2025-03-27,-7.768895,82.0
2025-03-28,-7.55282,78.0
2025-03-29,-7.325293,91.0
2025-03-30,-7.087329,128.0
2025-03-31,-6.839739,141.0
2025-04-01,-6.583173,160.0
2025-04-02,-2.079945,150.0
2025-04-03,-1.806907,164.0
2025-04-04,-1.526206,191.0
2025-04-05,-1.238156,187.0
2025-04-06,-0.943045,180.0
2025-04-07,-0.641148,162.0
2025-04-08,-0.332749,147.0
2025-04-09,-0.018154,141.0
2025-04-10,0.302298,139.0
2025-04-11,0.628218,131.0
2025-04-12,0.95916,122.0
2025-04-13,5.142397,106.0
2025-04-14,5.48175,88.0
2025-04-15,5.824327,75.0
2025-04-16,6.169354,92.0
2025-04-17,6.51596,110.0
2025-04-18,6.863177,118.0
2025-04-19,7.209947,117.0
2025-04-20,7.555121,134.0
2025-04-21,7.897471,142.0
2025-04-22,8.235703,185.0
2025-04-23,4.720678,166.0
2025-04-24,5.046596,202.0
2025-04-25,5.364251,203.0
2025-04-26,5.672214,173.0
2025-04-27,5.969018,135.0
2025-04-28,6.253121,123.0
2025-04-29,6.522763,111.0
2025-04-30,10.62343,88.0
2025-05-01,10.85579,62.0
2025-05-02,11.05983,42.0
2025-05-03,11.215799,57.0
2025-05-04,11.278961,75.0
2025-05-05,11.219882,93.0
2025-05-06,11.085965,88.0
2025-05-07,10.924381,75.0
2025-05-08,10.754926,81.0
2025-05-09,10.585775,72.0
2025-05-10,6.573235,70.0
2025-05-11,6.41534,66.0
2025-05-12,6.265931,60.0
2025-05-13,6.126134,59.0
2025-05-14,5.996709,46.0
2025-05-15,5.878091,40.0
2025-05-16,5.770404,59.0
2025-05-17,5.673447,52.0
2025-05-18,9.434445,56.0
2025-05-19,9.35683,65.0
2025-05-20,9.286916,75.0
2025-05-21,9.222642,90.0
2025-05-22,9.161269,97.0
2025-05-23,9.099296,117.0
2025-05-24,9.032423,98.0
2025-05-25,8.955619,95.0
2025-05-26,8.86335,108.0
2025-05-27,8.750036,102.0
2025-05-28,8.610756,107.0
2025-05-29,8.442152,98.0
2025-05-30,8.243364,115.0
2025-05-31,8.016762,114.0
2025-06-01,7.768219,124.0
2025-06-02,7.506734,106.0
2025-06-03,3.395596,93.0
2025-06-04,3.142049,94.0
2025-06-05,2.908927,87.0
2025-06-06,2.704538,97.0
2025-06-07,6.381987,86.0
2025-06-08,6.247976,60.0
2025-06-09,6.150035,89.0
2025-06-10,6.086072,113.0
2025-06-11,6.052914,145.0
2025-06-12,6.046926,142.0
2025-06-13,6.064463,152.0
2025-06-14,6.102139,154.0
2025-06-15,6.156973,151.0
2025-06-16,6.226431,127.0
2025-06-17,6.308419,117.0
2025-06-18,6.401243,133.0
2025-06-19,6.503551,131.0
2025-06-20,2.766489,113.0
2025-06-21,2.884814,95.0
2025-06-22,0.807921,99.0
2025-06-23,0.939672,94.0
2025-06-24,1.077515,85.0
2025-06-25,1.22116,95.0
2025-06-26,1.370377,104.0
2025-06-27,1.524977,116.0
2025-06-28,1.684792,136.0
2025-06-29,4.05184,151.0
2025-06-30,4.221599,150.0
2025-07-01,4.396058,147.0
2025-07-02,4.574997,137.0
2025-07-03,4.758144,116.0
2025-07-04,4.94517,100.0
2025-07-05,5.135662,76.0
2025-07-06,5.329106,87.0
2025-07-07,5.52486,93.0
2025-07-08,5.722108,84.0
2025-07-09,5.919799,81.0
2025-07-10,6.116548,75.0
2025-07-11,6.310459,93.0
2025-07-12,10.346613,113.0
2025-07-13,10.525331,126.0
2025-07-14,10.687906,135.0
2025-07-15,10.823774,173.0
2025-07-16,10.916784,191.0
2025-07-17,10.947844,183.0
2025-07-18,10.906468,165.0
2025-07-19,10.79995,153.0
2025-07-20,6.797466,145.0
2025-07-21,10.457499,137.0
2025-07-22,10.246873,107.0
2025-07-23,10.019942,110.0
2025-07-24,9.781155,114.0
2025-07-25,9.533829,148.0
2025-07-26,9.280668,144.0
2025-07-27,9.024046,129.0
2025-07-28,8.766147,131.0
2025-07-29,4.661246,123.0
2025-07-30,4.406903,141.0
2025-07-31,4.157221,146.0
2025-08-01,3.914013,133.0
2025-08-02,3.679006,129.0
2025-08-03,3.45383,129.0
2025-08-04,3.24002,107.0
2025-08-05,3.039011,116.0
2025-08-06,2.852149,140.0
2025-08-07,2.680693,154.0
2025-08-08,2.525836,181.0
2025-08-09,2.388727,155.0
2025-08-10,2.270488,167.0
2025-08-11,2.172255,166.0
2025-08-12,2.095202,162.0
2025-08-13,2.040583,167.0
2025-08-14,5.85756,165.0
2025-08-15,5.852071,138.0
2025-08-16,5.873614,120.0
2025-08-17,5.924097,74.0
2025-08-18,6.005628,64.0
2025-08-19,6.120469,36.0
2025-08-20,2.423144,60.0
2025-08-21,2.611404,67.0
2025-08-22,2.839144,56.0
2025-08-23,3.107065,72.0
2025-08-24,3.414163,100.0
2025-08-25,3.7568,137.0
2025-08-26,1.925445,183.0
2025-08-27,2.312274,198.0
2025-08-28,2.697201,204.0
2025-08-29,3.056189,197.0
2025-08-30,3.359877,181.0
2025-08-31,3.577189,187.0
2025-09-01,3.684127,176.0
2025-09-02,3.675836,162.0
2025-09-03,5.773051,146.0
2025-09-04,5.603301,157.0
2025-09-05,5.400139,138.0
2025-09-06,5.187471,111.0
2025-09-07,2.778901,92.0
2025-09-08,2.588159,113.0
2025-09-09,2.417988,101.0
2025-09-10,2.270409,86.0
2025-09-11,2.145645,83.0
2025-09-12,2.04288,65.0
2025-09-13,1.96075,53.0
2025-09-14,1.897653,69.0
2025-09-15,1.851941,79.0
2025-09-16,1.822033,117.0
2025-09-17,1.806477,126.0
2025-09-18,1.803972,127.0
2025-09-19,1.81338,138.0
2025-09-20,1.833723,153.0
2025-09-21,1.86417,164.0
2025-09-22,1.904026,161.0
2025-09-23,1.952716,186.0
2025-09-24,8.059739,144.0
2025-09-25,4.276985,152.0
2025-09-26,4.349704,142.0
2025-09-27,4.429863,138.0
2025-09-28,4.517269,155.0
2025-09-29,4.611767,178.0
2025-09-30,4.713229,179.0
2025-10-01,4.821537,167.0
2025-10-02,4.936575,169.0
2025-10-03,5.058219,175.0
2025-10-04,5.186319,153.0
2025-10-05,5.320691,147.0
2025-10-06,9.308893,147.0
2025-10-07,9.455039,123.0
2025-10-08,9.606534,78.0
2025-10-09,9.762875,61.0
2025-10-10,9.923412,79.0
2025-10-11,10.087289,105.0
2025-10-12,10.253349,129.0
2025-10-13,10.419971,128.0
2025-10-14,10.584748,125.0
2025-10-15,10.743846,123.0
2025-10-16,10.890661,132.0
2025-10-17,11.01322,120.0
2025-10-18,7.243208,114.0
2025-10-19,7.251385,107.0
2025-10-20,7.181602,112.0
2025-10-21,7.049968,124.0
2025-10-22,6.877037,110.0
2025-10-23,6.676242,100.0
2025-10-24,6.455017,101.0
2025-10-25,6.217559,102.0
2025-10-26,9.814252,103.0
2025-10-27,9.551296,99.0
2025-10-28,9.277843,113.0
2025-10-29,8.995014,100.0
2025-10-30,8.70379,70.0
2025-10-31,8.405051,44.0
2025-11-01,8.099606,21.0
2025-11-02,7.788204,42.0
2025-11-03,7.471544,74.0
2025-11-04,7.150285,84.0
2025-11-05,6.825062,79.0
2025-11-06,6.496508,109.0
2025-11-07,6.165284,130.0
2025-11-08,5.832125,142.0
2025-11-09,5.49789,154.0
2025-11-10,1.31585,151.0
2025-11-11,0.982944,149.0
2025-11-12,0.653148,137.0
2025-11-13,0.328781,127.0
2025-11-14,0.012889,103.0
2025-11-15,-0.290561,100.0
2025-11-16,-0.576476,67.0
2025-11-17,-0.83843,57.0
2025-11-18,-1.06851,62.0
2025-11-19,-1.257274,54.0
2025-11-20,-1.393917,59.0
2025-11-21,-1.466742,66.0
2025-11-22,2.383724,61.0
2025-11-23,2.472204,81.0
2025-11-24,2.653669,102.0
2025-11-25,-0.917478,99.0
2025-11-26,-0.549982,82.0
2025-11-27,-0.103182,91.0
2025-11-28,0.404628,83.0
2025-11-29,0.950066,83.0
2025-11-30,5.354911,103.0
2025-12-01,5.897555,156.0
2025-12-02,6.401993,180.0
2025-12-03,6.848176,185.0
2025-12-04,7.220681,184.0
2025-12-05,7.509164,175.0
2025-12-06,7.70862,167.0
2025-12-07,7.819406,161.0
2025-12-08,7.846771,166.0
2025-12-09,7.799695,155.0
2025-12-10,7.689236,132.0
2025-12-11,7.526857,120.0
2025-12-12,7.323194,98.0
2025-12-13,7.087397,87.0
2025-12-14,6.826943,72.0
2025-12-15,6.547737,77.0
2025-12-16,6.254346,77.0
2025-12-17,5.950255,82.0
2025-12-18,5.638105,71.0
2025-12-19,5.319895,50.0
2025-12-20,4.997142,58.0
2025-12-21,4.671005,69.0
2025-12-22,0.49459,82.0
2025-12-23,0.164193,114.0
2025-12-24,-0.167397,131.0
2025-12-25,-0.499686,127.0
2025-12-26,-0.832233,127.0
2025-12-27,-1.164623,147.0
2025-12-28,-3.698624,161.0
2025-12-29,-4.029463,147.0
2025-12-30,-4.358873,146.0
2025-12-31,-4.686373,145.0
2026-01-01,-5.01144,123.0
2026-01-02,-5.333499,117.0
2026-01-03,-5.651918,117.0
2026-01-04,-5.966004,118.0
2026-01-05,-6.274999,106.0
2026-01-06,-6.578083,111.0
2026-01-07,-6.874367,118.0
2026-01-08,-7.162904,82.0
2026-01-09,-7.442684,65.0
2026-01-10,-7.712647,65.0
2026-01-11,-7.971682,64.0
2026-01-12,-12.456852,57.0
2026-01-13,-12.690558,48.0
2026-01-14,-8.671603,64.0
2026-01-15,-8.875207,95.0
2026-01-16,-9.061958,136.0
2026-01-17,-9.230674,134.0
2026-01-18,-9.380199,139.0
2026-01-19,-7.307236,164.0
2026-01-20,-7.415063,168.0
2026-01-21,-7.500476,164.0
2026-01-22,-7.562502,189.0
2026-01-23,-7.600215,170.0
2026-01-24,-11.85095,158.0
2026-01-25,-11.837449,153.0
2026-01-26,-11.797113,138.0
2026-01-27,-11.729148,97.0
2026-01-28,-11.632759,117.0
2026-01-29,-7.268919,96.0
2026-01-30,-7.113197,83.0
2026-01-31,-6.926474,109.0
2026-02-01,-6.707773,103.0
2026-02-02,-6.456046,131.0
2026-02-03,-6.170178,165.0
2026-02-04,-5.849019,148.0
2026-02-05,-5.491444,138.0
2026-02-06,-5.096474,139.0
2026-02-07,-4.663468,141.0
2026-02-08,-4.192437,141.0
2026-02-09,-3.684526,117.0
2026-02-10,-3.142748,112.0
2026-02-11,-2.573026,92.0
2026-02-12,1.86215,80.0
2026-02-13,2.450724,65.0
2026-02-14,3.015799,77.0
2026-02-15,3.522895,72.0
2026-02-16,3.928014,75.0
2026-02-17,4.181922,66.0
2026-02-18,4.240177,43.0
2026-02-19,4.077344,43.0
2026-02-20,3.698599,33.0
2026-02-21,3.141055,15.0
2026-02-22,-3.58614,4.0
2026-02-23,-4.316885,8.0
2026-02-24,-5.04094,5.0
2026-02-25,-5.711737,15.0
2026-02-26,-4.096515,34.0
2026-02-27,-4.58365,47.0
2026-02-28,-4.966373,59.0
2026-03-01,-5.24785,76.0
2026-03-02,-5.435834,76.0
2026-03-03,-7.742435,79.0
2026-03-04,-7.773783,66.0
2026-03-05,-7.74211,85.0
2026-03-06,-7.656521,83.0
2026-03-07,-7.524964,81.0
2026-03-08,-7.354202,75.0
2026-03-09,-7.149891,77.0
2026-03-10,-6.916706,80.0
2026-03-11,-4.456299,108.0
2026-03-12,-4.176145,96.0
2026-03-13,-3.876602,79.0
2026-03-14,-3.559732,57.0
2026-03-15,0.62058,64.0
2026-03-16,0.967371,69.0
2026-03-17,1.327285,63.0
2026-03-18,1.699351,61.0
2026-03-19,2.082717,34.0
2026-03-20,2.476616,29.0
2026-03-21,2.880317,41.0
2026-03-22,3.293099,99.0
2026-03-23,3.714215,112.0
2026-03-24,4.142865,110.0
2026-03-25,4.578168,107.0
2026-03-26,5.019135,113.0
2026-03-27,5.464649,135.0
2026-03-28,5.913438,128.0
2026-03-29,6.364054,134.0
2026-03-30,6.814846,132.0
2026-03-31,7.263936,137.0
2026-04-01,7.70918,129.0
2026-04-02,8.148111,133.0
2026-04-03,8.577846,120.0
2026-04-04,8.994905,106.0
2026-04-05,9.394849,89.0
2026-04-06,9.771544,97.0
2026-04-07,10.115567,89.0
2026-04-08,10.410854,70.0
2026-04-09,10.628976,59.0
2026-04-10,10.727753,28.0
2026-04-11,10.677787,39.0
2026-04-12,10.498741,38.0
2026-04-13,10.235671,53.0
2026-04-14,9.92308,53.0
2026-04-15,9.581204,49.0
2026-04-16,9.222108,50.0
2026-04-17,8.853828,48.0
2026-04-18,8.482383,41.0
2026-04-19,8.112689,36.0
2026-04-20,7.748986,37.0
2026-04-21,7.395043,50.0
2026-04-22,7.054258,71.0
2026-04-23,6.729715,68.0
2026-04-24,6.424216,94.0
2026-04-25,6.140319,114.0
2026-04-26,5.880366,115.0
2026-04-27,1.79873,117.0
2026-04-28,1.593023,128.0
2026-04-29,1.417395,123.0
2026-04-30,1.273752,135.0
2026-05-01,1.164018,157.0
2026-05-02,1.090196,139.0
2026-05-03,1.054421,124.0
2026-05-04,1.059019,124.0
2026-05-05,-3.131656,132.0
2026-05-06,-3.038353,104.0
2026-05-07,-5.098355,70.0
2026-05-08,-4.903975,75.0
2026-05-09,-4.653946,90.0
2026-05-10,-4.344948,87.0
2026-05-11,0.264013,79.0
2026-05-12,0.698091,58.0
2026-05-13,1.194851,63.0
2026-05-14,1.749924,50.0
2026-05-15,2.353044,47.0
2026-05-16,2.984605,57.0
2026-05-17,3.60871,84.0
2026-05-18,4.153821,80.0
2026-05-19,4.462745,73.0
2026-05-20,4.332399,66.0
2026-05-21,3.828943,86.0
2026-05-22,3.148785,107.0
2026-05-23,2.402922,118.0
2026-05-24,1.651875,111.0
2026-05-25,0.934343,110.0
2026-05-26,0.275248,146.0
2026-05-27,-0.311225,174.0
2026-05-28,-0.819212,154.0
2026-05-29,-1.248786,138.0
2026-05-30,-1.603818,129.0
2026-05-31,-1.890266,113.0
2026-06-01,-2.114964,100.0
2026-06-02,-2.284832,109.0
2026-06-03,-2.406421,127.0
2026-06-04,-2.485677,127.0
2026-06-05,-2.527853,127.0
2026-06-06,-2.537513,131.0
2026-06-07,-0.3164,133.0
2026-06-08,-0.272207,132.0
2026-06-09,-0.205594,116.0
2026-06-10,-0.118965,96.0
2026-06-11,-0.014364,83.0
2026-06-12,0.106473,69.0
2026-06-13,0.242057,48.0
2026-06-14,-1.811071,59.0
2026-06-15,-1.649674,66.0
2026-06-16,0.725262,70.0
2026-06-17,0.908498,53.0
2026-06-18,1.101402,51.0
2026-06-19,1.303219,61.0
2026-06-20,1.513223,88.0
2026-06-21,1.730706,65.0
2026-06-22,1.954954,70.0
2026-06-23,2.185236,76.0
2026-06-24,2.420787,90.0
2026-06-25,6.508589,87.0
2026-06-26,6.75219,104.0
2026-06-27,6.998444,112.0
2026-06-28,7.24633,130.0
2026-06-29,7.494735,125.0
2026-06-30,7.742445,126.0
