timestamp,removed_region,events_remaining,ftrt_hits,mean_ftrt,max_ftrt
2026-07-15T10:58:36.033965+00:00,,70,8,4.651241,7.742445
2026-07-15T10:58:36.034182+00:00,14472,70,7,5.099529,7.742445
2026-07-15T10:58:36.034334+00:00,14473,68,5,6.447059,7.742445
2026-07-15T10:58:36.034471+00:00,14475,68,6,3.62084,7.742445
2026-07-15T10:58:36.034602+00:00,14478,67,8,4.651241,7.742445
2026-07-15T10:58:36.034716+00:00,14479,24,6,3.662125,7.742445
2026-07-15T10:58:36.034839+00:00,14480,67,8,4.651241,7.742445
2026-07-15T10:58:36.034961+00:00,14482,67,8,4.651241,7.742445
2026-07-15T10:58:36.035082+00:00,14485,67,8,4.651241,7.742445
