experiment,status
EXP001,OK
EXP002,OK
EXP003,OK
EXP004,OK
EXP005,OK
EXP006,OK
EXP007,OK
EXP008,OK
EXP009,OK
EXP010,OK
EXP011,OK
EXP012,OK
EXP013,OK
EXP014,OK
EXP015,OK
EXP016,OK
EXP017,OK
EXP018,OK
EXP019,OK
EXP020,OK
EXP021,OK
EXP022,OK
EXP023,OK
EXP024,OK
EXP025,OK
EXP026,OK
EXP027,OK
EXP028,OK
EXP029,OK
EXP030,OK
EXP031,OK
EXP032,OK
EXP033,OK
EXP034,OK
EXP035,OK
EXP036,OK
EXP037,OK
EXP038,OK
EXP039,OK
EXP040,ERROR
EXP041,OK
EXP042,OK
EXP043,OK
EXP044,OK
EXP045,OK
EXP046,OK
EXP047,OK
EXP048,OK
EXP049,OK
EXP050,OK
EXP051,OK
EXP052,OK
EXP053,OK
EXP054,OK
EXP055,OK
EXP056,OK
EXP057,OK
EXP058,OK
EXP059,OK
EXP060,OK
EXP061,OK
EXP062,OK
EXP063,OK
EXP064,OK
EXP065,OK
EXP066,OK
EXP067,OK
EXP068,OK
EXP069,OK
EXP070,OK
EXP071,OK
EXP072,OK
EXP073,OK
EXP074,OK
EXP075,OK
EXP076,OK
EXP077,OK
EXP078,OK
EXP079,OK
EXP080,OK
EXP081,OK
EXP082,OK
EXP083,OK
EXP084,OK
EXP085,OK
EXP086,OK
EXP087,OK
EXP088,OK
EXP089,OK
EXP090,OK
EXP091,OK
EXP092,OK
EXP093,OK
EXP094,OK
EXP095,OK
EXP096,OK
EXP097,OK
EXP098,OK
EXP099,OK
EXP100,OK
