variable,lag,pearson
lambda_max,-90,-0.17094061440619504
lambda_max,-89,-0.1705002210144929
lambda_max,-88,-0.17050240391073174
lambda_max,-87,-0.170939096289005
lambda_max,-86,-0.1717623308097961
lambda_max,-85,-0.1731250382064154
lambda_max,-84,-0.17485909777427738
lambda_max,-83,-0.17688673190858956
lambda_max,-82,-0.17917979168137127
lambda_max,-81,-0.18145100436125114
lambda_max,-80,-0.1837931135888519
lambda_max,-79,-0.18599587308592466
lambda_max,-78,-0.18799982699412235
lambda_max,-77,-0.1895865009615605
lambda_max,-76,-0.19064999770525148
lambda_max,-75,-0.19119767399791449
lambda_max,-74,-0.19127603769359466
lambda_max,-73,-0.19096073936875207
lambda_max,-72,-0.1904329367870627
lambda_max,-71,-0.18989332603034653
lambda_max,-70,-0.18946266901415054
lambda_max,-69,-0.18920036446594862
lambda_max,-68,-0.18894364428824206
lambda_max,-67,-0.18890792380424912
lambda_max,-66,-0.18905611367977104
lambda_max,-65,-0.1892308780109388
lambda_max,-64,-0.18944327271999703
lambda_max,-63,-0.18978434779716488
lambda_max,-62,-0.1901943885747507
lambda_max,-61,-0.19080870226729715
lambda_max,-60,-0.1916971867963909
lambda_max,-59,-0.19260246239662143
lambda_max,-58,-0.19339995017504977
lambda_max,-57,-0.1940473999750348
lambda_max,-56,-0.19451685679145114
lambda_max,-55,-0.19452906810284912
lambda_max,-54,-0.19398348832257772
lambda_max,-53,-0.19305595697517122
lambda_max,-52,-0.19176691938570622
lambda_max,-51,-0.19004706529520338
lambda_max,-50,-0.18786147812639756
lambda_max,-49,-0.18507186673357867
lambda_max,-48,-0.18187466622838083
lambda_max,-47,-0.1782713943736645
lambda_max,-46,-0.1744210557838697
lambda_max,-45,-0.17046630496237836
lambda_max,-44,-0.16666055624428588
lambda_max,-43,-0.16293276545539956
lambda_max,-42,-0.1593558016209008
lambda_max,-41,-0.15599076965287867
lambda_max,-40,-0.15312658882710978
lambda_max,-39,-0.15090564469706735
lambda_max,-38,-0.14936317388179177
lambda_max,-37,-0.14851959978736887
lambda_max,-36,-0.1485188936631775
lambda_max,-35,-0.14964560637466662
lambda_max,-34,-0.1518536411374148
lambda_max,-33,-0.15489980435860132
lambda_max,-32,-0.1587417402876018
lambda_max,-31,-0.16327605408456786
lambda_max,-30,-0.16825247946039334
lambda_max,-29,-0.17349942808904986
lambda_max,-28,-0.17896795455788228
lambda_max,-27,-0.1845009929032004
lambda_max,-26,-0.18980213157764889
lambda_max,-25,-0.19470850514384203
lambda_max,-24,-0.19911252305422597
lambda_max,-23,-0.2029327262357186
lambda_max,-22,-0.20617059999397427
lambda_max,-21,-0.2088211458579034
lambda_max,-20,-0.21092991720793558
lambda_max,-19,-0.21259948407695267
lambda_max,-18,-0.21384965637399003
lambda_max,-17,-0.21467760721213686
lambda_max,-16,-0.21543389818675016
lambda_max,-15,-0.21623377610380728
lambda_max,-14,-0.21711757825392988
lambda_max,-13,-0.21794751310183905
lambda_max,-12,-0.21890697702165032
lambda_max,-11,-0.2201973677726117
lambda_max,-10,-0.2218365301257407
lambda_max,-9,-0.22336652678924185
lambda_max,-8,-0.2248408282240657
lambda_max,-7,-0.2261446949079855
lambda_max,-6,-0.22727914451390738
lambda_max,-5,-0.22804280683800263
lambda_max,-4,-0.22857953395205313
lambda_max,-3,-0.2288859521531126
lambda_max,-2,-0.22901832745885908
lambda_max,-1,-0.22892312052848027
lambda_max,0,-0.22881339610104767
lambda_max,1,-0.22883726831591822
lambda_max,2,-0.22910901000328743
lambda_max,3,-0.2295611786035543
lambda_max,4,-0.23016761816346387
lambda_max,5,-0.23091682339339248
lambda_max,6,-0.2317418008691141
lambda_max,7,-0.23250406349962627
lambda_max,8,-0.23303600166919228
lambda_max,9,-0.2332190699329922
lambda_max,10,-0.23309528827234513
lambda_max,11,-0.23259507763532916
lambda_max,12,-0.231717715475364
lambda_max,13,-0.2304554901414897
lambda_max,14,-0.22879845601697535
lambda_max,15,-0.22678298338069736
lambda_max,16,-0.2244062036183779
lambda_max,17,-0.22171414877759002
lambda_max,18,-0.21880667634314147
lambda_max,19,-0.21585949581443883
lambda_max,20,-0.21317191857934176
lambda_max,21,-0.210966323176195
lambda_max,22,-0.20944127065316503
lambda_max,23,-0.20863319885811143
lambda_max,24,-0.20858574143504593
lambda_max,25,-0.20941629831512357
lambda_max,26,-0.21113316305375213
lambda_max,27,-0.21374531822897577
lambda_max,28,-0.21718553804382446
lambda_max,29,-0.2214235470593017
lambda_max,30,-0.22640575067013843
lambda_max,31,-0.23191756846429273
lambda_max,32,-0.23768083704815024
lambda_max,33,-0.24344665509224736
lambda_max,34,-0.24904423975446502
lambda_max,35,-0.2543537283530219
lambda_max,36,-0.25926381302078033
lambda_max,37,-0.26370255495098854
lambda_max,38,-0.26762200352678955
lambda_max,39,-0.2708531356372362
lambda_max,40,-0.2732969467042957
lambda_max,41,-0.274859699356743
lambda_max,42,-0.2754602930409935
lambda_max,43,-0.27514883638222787
lambda_max,44,-0.2740068976865286
lambda_max,45,-0.27212385241278514
lambda_max,46,-0.26957393017222203
lambda_max,47,-0.2664241483820252
lambda_max,48,-0.26283202318576915
lambda_max,49,-0.25893824584395586
lambda_max,50,-0.2548671723763232
lambda_max,51,-0.25079226574394203
lambda_max,52,-0.24690666477389037
lambda_max,53,-0.24330593408972817
lambda_max,54,-0.24005353607718605
lambda_max,55,-0.23711848498670476
lambda_max,56,-0.23448624776222696
lambda_max,57,-0.23211584418051137
lambda_max,58,-0.22998990916654302
lambda_max,59,-0.2281070957430149
lambda_max,60,-0.22639383926568785
lambda_max,61,-0.22474361228910247
lambda_max,62,-0.22311073813269813
lambda_max,63,-0.22143970428689663
lambda_max,64,-0.21957135881658216
lambda_max,65,-0.2173579927703726
lambda_max,66,-0.21471890964864584
lambda_max,67,-0.21157537673553495
lambda_max,68,-0.20784991097344113
lambda_max,69,-0.20361612275919513
lambda_max,70,-0.1990631081663203
lambda_max,71,-0.1943354522998727
lambda_max,72,-0.18955072562689684
lambda_max,73,-0.18487432969521372
lambda_max,74,-0.18053077941347032
lambda_max,75,-0.176713376381457
lambda_max,76,-0.17360272481506928
lambda_max,77,-0.17139692336552934
lambda_max,78,-0.17008593820187015
lambda_max,79,-0.16961895386455622
lambda_max,80,-0.1699190090783582
lambda_max,81,-0.17078040612174603
lambda_max,82,-0.17192925554103705
lambda_max,83,-0.17312581699807042
lambda_max,84,-0.17419075163110778
lambda_max,85,-0.17503421759724658
lambda_max,86,-0.17554179418124727
lambda_max,87,-0.17572241173822695
lambda_max,88,-0.17567984320381042
lambda_max,89,-0.17557373620135786
lambda_max,90,-0.17551398178052605
lambda_min,-90,-0.00236546473546756
lambda_min,-89,-0.008665874994805636
lambda_min,-88,-0.017844858666348808
lambda_min,-87,-0.013412994728498417
lambda_min,-86,-0.01987733657563744
lambda_min,-85,-0.013985423325818879
lambda_min,-84,-0.021310265417841597
lambda_min,-83,-0.01775054744139895
lambda_min,-82,-0.0122936228227081
lambda_min,-81,-0.004655950226301977
lambda_min,-80,-0.00521898056592761
lambda_min,-79,0.0015653918131773234
lambda_min,-78,0.0028976116293937346
lambda_min,-77,0.0020544202240705372
lambda_min,-76,-0.0024805972611913934
lambda_min,-75,0.0012800620395097748
lambda_min,-74,0.007644376364204676
lambda_min,-73,0.008292829934504503
lambda_min,-72,0.012999917800550253
lambda_min,-71,0.014122936263402937
lambda_min,-70,0.012543527123624113
lambda_min,-69,0.01652725521208915
lambda_min,-68,0.015415152629661236
lambda_min,-67,0.01530322943753557
lambda_min,-66,0.016900635024109868
lambda_min,-65,0.01634919954168053
lambda_min,-64,0.012511031437051547
lambda_min,-63,0.0030226705029593025
lambda_min,-62,0.005070273959778611
lambda_min,-61,0.009365935828188413
lambda_min,-60,0.009921983679821795
lambda_min,-59,0.007605850443467953
lambda_min,-58,0.007580133725343915
lambda_min,-57,0.006068910066912224
lambda_min,-56,0.0024571486852349206
lambda_min,-55,-0.004268850435022245
lambda_min,-54,-0.0073220953278989006
lambda_min,-53,-0.009916665657568404
lambda_min,-52,-0.0052721647459049404
lambda_min,-51,-0.0020761543721880744
lambda_min,-50,-0.008728998453483681
lambda_min,-49,-0.00269658737765437
lambda_min,-48,-0.003217464067276843
lambda_min,-47,-0.004102417979824615
lambda_min,-46,-0.0034890509330011733
lambda_min,-45,0.002263779577399393
lambda_min,-44,0.005659920898627642
lambda_min,-43,0.012385293555976843
lambda_min,-42,0.014873720537946838
lambda_min,-41,0.0108354241825444
lambda_min,-40,0.009496314021705518
lambda_min,-39,0.009564028848327953
lambda_min,-38,0.01467057939791728
lambda_min,-37,0.010448834188495805
lambda_min,-36,0.005820093200357003
lambda_min,-35,0.0063265910493479635
lambda_min,-34,0.004084312737935641
lambda_min,-33,-0.004937190616299029
lambda_min,-32,-0.012490701419398242
lambda_min,-31,-0.015471052479325275
lambda_min,-30,-0.019150636301856466
lambda_min,-29,-0.015064653700050945
lambda_min,-28,-0.013772948404445439
lambda_min,-27,-0.010888747104521687
lambda_min,-26,-0.007362719054282983
lambda_min,-25,-0.006945253865144457
lambda_min,-24,-0.0035271255601877975
lambda_min,-23,-0.005540027406701219
lambda_min,-22,-0.007377403620499222
lambda_min,-21,-0.01695269737615087
lambda_min,-20,-0.018929557918140057
lambda_min,-19,-0.0190194047864054
lambda_min,-18,-0.020644559806756075
lambda_min,-17,-0.014121536395677124
lambda_min,-16,-0.008738248252940966
lambda_min,-15,-0.009449432734447451
lambda_min,-14,-0.006615507230441639
lambda_min,-13,-0.013875269506109364
lambda_min,-12,-0.020240356639384123
lambda_min,-11,-0.01826515073311685
lambda_min,-10,-0.024955509154900073
lambda_min,-9,-0.022267796539551948
lambda_min,-8,-0.024803757986966365
lambda_min,-7,-0.016870498641290664
lambda_min,-6,-0.008718935399196283
lambda_min,-5,-0.008993018184602087
lambda_min,-4,-0.012637671750352727
lambda_min,-3,-0.01442479281871139
lambda_min,-2,-0.010706330149875598
lambda_min,-1,-0.009064407354770262
lambda_min,0,-0.005562787795784737
lambda_min,1,-0.004041357518170074
lambda_min,2,0.0023084447786279124
lambda_min,3,0.0046546973529404435
lambda_min,4,0.012828595367761817
lambda_min,5,0.020288466425611697
lambda_min,6,0.019182030402186676
lambda_min,7,0.01779987235356096
lambda_min,8,0.016548303689006148
lambda_min,9,0.012724820963520077
lambda_min,10,0.01618611377482799
lambda_min,11,-0.00019705879175507476
lambda_min,12,-0.0013017396624224302
lambda_min,13,-0.008587326777711339
lambda_min,14,-0.011548732993158875
lambda_min,15,-0.013649883358480799
lambda_min,16,-0.01652046219865274
lambda_min,17,-0.014838251297010623
lambda_min,18,-0.015445640400497972
lambda_min,19,-0.014368400565237477
lambda_min,20,-0.004074905968945535
lambda_min,21,0.0035573409469208134
lambda_min,22,0.010199813672375515
lambda_min,23,0.011204830692021404
lambda_min,24,0.0034855746747401474
lambda_min,25,0.006788387978526635
lambda_min,26,0.00900429250174007
lambda_min,27,0.012135291700711433
lambda_min,28,0.008079014535771587
lambda_min,29,0.0012191347062299885
lambda_min,30,0.011446489529814332
lambda_min,31,0.009008472875223425
lambda_min,32,0.008562320990883955
lambda_min,33,0.013778052541296586
lambda_min,34,0.012257522029318544
lambda_min,35,0.009956846517362158
lambda_min,36,0.006257889091677809
lambda_min,37,0.003538015180479436
lambda_min,38,0.002023735578005811
lambda_min,39,0.006505410758541458
lambda_min,40,0.009932202965271583
lambda_min,41,0.010116668414955891
lambda_min,42,0.011996905174058353
lambda_min,43,0.015026168025485724
lambda_min,44,0.01578960770149378
lambda_min,45,0.017794929916691512
lambda_min,46,0.01566905213837304
lambda_min,47,0.0145776879872917
lambda_min,48,0.017619515932497488
lambda_min,49,0.024091342472443104
lambda_min,50,0.014872519508130393
lambda_min,51,0.01295077723655267
lambda_min,52,0.011137006353129758
lambda_min,53,0.007527039634714573
lambda_min,54,0.002462658870625201
lambda_min,55,-0.005627858423764582
lambda_min,56,-0.0034287700812311284
lambda_min,57,0.002746721031213823
lambda_min,58,-0.004161810726451634
lambda_min,59,0.0014294464189705245
lambda_min,60,0.00042400225978175967
lambda_min,61,0.011385657424110818
lambda_min,62,0.016258710128135023
lambda_min,63,0.015433562139309093
lambda_min,64,0.011017883939242232
lambda_min,65,0.013302419214933022
lambda_min,66,0.008229987608437076
lambda_min,67,-0.0008319235140301027
lambda_min,68,-0.0021780221996004654
lambda_min,69,0.0002406078236629999
lambda_min,70,0.004955455174193848
lambda_min,71,0.0012830439036340259
lambda_min,72,0.0011833960442784465
lambda_min,73,0.0065021713186865955
lambda_min,74,0.01126721020618328
lambda_min,75,0.005708796665246568
lambda_min,76,0.003439668151248108
lambda_min,77,0.004822399316208474
lambda_min,78,0.0013711921712912304
lambda_min,79,0.003061786465237779
lambda_min,80,-0.0021298553361374646
lambda_min,81,-0.0011018122333047277
lambda_min,82,0.002374835170386406
lambda_min,83,-0.0021767197276703286
lambda_min,84,-0.003131025555762247
lambda_min,85,0.001909639839792153
lambda_min,86,-0.0042888966921942745
lambda_min,87,-0.0047482817324585366
lambda_min,88,-0.016107574228872483
lambda_min,89,-0.025784879925405124
lambda_min,90,-0.029691373399251687
energia_resonancia,-90,-0.16977694181374603
energia_resonancia,-89,-0.1693028663153034
energia_resonancia,-88,-0.16905592186179932
energia_resonancia,-87,-0.16908594330860865
energia_resonancia,-86,-0.16941183024999967
energia_resonancia,-85,-0.1701797874728329
energia_resonancia,-84,-0.17128665628765574
energia_resonancia,-83,-0.1726257066449534
energia_resonancia,-82,-0.1741696172086707
energia_resonancia,-81,-0.175696479859454
energia_resonancia,-80,-0.17736745693669456
energia_resonancia,-79,-0.17899073026933074
energia_resonancia,-78,-0.18056188926575262
energia_resonancia,-77,-0.1818997047526538
energia_resonancia,-76,-0.18292208215803255
energia_resonancia,-75,-0.18363459488322095
energia_resonancia,-74,-0.1840252746788162
energia_resonancia,-73,-0.1840999007255596
energia_resonancia,-72,-0.18393371722873417
energia_resonancia,-71,-0.18364661932281381
energia_resonancia,-70,-0.1834056244451604
energia_resonancia,-69,-0.18334768459142725
energia_resonancia,-68,-0.1834211044256851
energia_resonancia,-67,-0.1838686006521253
energia_resonancia,-66,-0.18470369843272533
energia_resonancia,-65,-0.18585806228495444
energia_resonancia,-64,-0.1873320870572124
energia_resonancia,-63,-0.18912358053550887
energia_resonancia,-62,-0.1910758191974542
energia_resonancia,-61,-0.19315666856364666
energia_resonancia,-60,-0.19527225240938403
energia_resonancia,-59,-0.1971227832667325
energia_resonancia,-58,-0.19860115980031465
energia_resonancia,-57,-0.19968280381428918
energia_resonancia,-56,-0.20034160882777216
energia_resonancia,-55,-0.2003816888413488
energia_resonancia,-54,-0.19976242899720362
energia_resonancia,-53,-0.1987286004145372
energia_resonancia,-52,-0.19737213889809532
energia_resonancia,-51,-0.1956335012437105
energia_resonancia,-50,-0.19352051264614367
energia_resonancia,-49,-0.19098162504882812
energia_resonancia,-48,-0.18818410539301736
energia_resonancia,-47,-0.1850264325392982
energia_resonancia,-46,-0.18157974753562395
energia_resonancia,-45,-0.17794493994156654
energia_resonancia,-44,-0.17425677407998416
energia_resonancia,-43,-0.17040964379758808
energia_resonancia,-42,-0.1664974060222082
energia_resonancia,-41,-0.1626633392538263
energia_resonancia,-40,-0.15922630825009298
energia_resonancia,-39,-0.15635737819314927
energia_resonancia,-38,-0.15416923426858245
energia_resonancia,-37,-0.15272195178929152
energia_resonancia,-36,-0.1521632009596143
energia_resonancia,-35,-0.15273962026062737
energia_resonancia,-34,-0.1544132959269543
energia_resonancia,-33,-0.15695175865496924
energia_resonancia,-32,-0.16029658513092218
energia_resonancia,-31,-0.16436439950414264
energia_resonancia,-30,-0.1689743587647101
energia_resonancia,-29,-0.17397175556432043
energia_resonancia,-28,-0.17928970082857257
energia_resonancia,-27,-0.18478766273768493
energia_resonancia,-26,-0.19020963866329169
energia_resonancia,-25,-0.19540958950499496
energia_resonancia,-24,-0.20028537552629405
energia_resonancia,-23,-0.20473636863150743
energia_resonancia,-22,-0.20868848605445228
energia_resonancia,-21,-0.21204314149130712
energia_resonancia,-20,-0.21477409390420601
energia_resonancia,-19,-0.21693625150146442
energia_resonancia,-18,-0.21856739692569838
energia_resonancia,-17,-0.21968862776526
energia_resonancia,-16,-0.22057933998456297
energia_resonancia,-15,-0.22130441034054335
energia_resonancia,-14,-0.22193891227993284
energia_resonancia,-13,-0.22244468254527922
energia_resonancia,-12,-0.22297990510819585
energia_resonancia,-11,-0.223655450137792
energia_resonancia,-10,-0.2245638229347212
energia_resonancia,-9,-0.2253914564047422
energia_resonancia,-8,-0.22624297262137516
energia_resonancia,-7,-0.22704968361777372
energia_resonancia,-6,-0.22777754489547908
energia_resonancia,-5,-0.22827081248792577
energia_resonancia,-4,-0.22859514032616385
energia_resonancia,-3,-0.22869270664275973
energia_resonancia,-2,-0.2286290918503039
energia_resonancia,-1,-0.22834943276356334
energia_resonancia,0,-0.22794620224748452
energia_resonancia,1,-0.22759642982189232
energia_resonancia,2,-0.22724492450270967
energia_resonancia,3,-0.2269512606424975
energia_resonancia,4,-0.22673809442442702
energia_resonancia,5,-0.22658165574768513
energia_resonancia,6,-0.22648199237044794
energia_resonancia,7,-0.2263691307225629
energia_resonancia,8,-0.2261633595901812
energia_resonancia,9,-0.2257474889518997
energia_resonancia,10,-0.2251429325136474
energia_resonancia,11,-0.22427024182787883
energia_resonancia,12,-0.22308071761048956
energia_resonancia,13,-0.2215691595797743
energia_resonancia,14,-0.21976095722853656
energia_resonancia,15,-0.21771305876461758
energia_resonancia,16,-0.2155126456627808
energia_resonancia,17,-0.21327393152236646
energia_resonancia,18,-0.21113328696122663
energia_resonancia,19,-0.209242504831971
energia_resonancia,20,-0.20775987662973783
energia_resonancia,21,-0.20683915154720317
energia_resonancia,22,-0.20661728489373685
energia_resonancia,23,-0.20720264442895042
energia_resonancia,24,-0.20863214173731207
energia_resonancia,25,-0.2109467958012208
energia_resonancia,26,-0.2141132949780583
energia_resonancia,27,-0.2181108582617421
energia_resonancia,28,-0.22282125638448141
energia_resonancia,29,-0.2280934533586997
energia_resonancia,30,-0.23375647083334677
energia_resonancia,31,-0.2396214975084824
energia_resonancia,32,-0.2455192097694846
energia_resonancia,33,-0.25126186965870695
energia_resonancia,34,-0.2566489967711098
energia_resonancia,35,-0.2615326617010323
energia_resonancia,36,-0.2658002875149008
energia_resonancia,37,-0.2693795553644844
energia_resonancia,38,-0.2722383941675449
energia_resonancia,39,-0.27437981485821117
energia_resonancia,40,-0.27583277703678166
energia_resonancia,41,-0.2766415022630399
energia_resonancia,42,-0.2768560870952477
energia_resonancia,43,-0.27652669720927153
energia_resonancia,44,-0.27570228222437093
energia_resonancia,45,-0.2744331801916536
energia_resonancia,46,-0.27277574437474084
energia_resonancia,47,-0.27079659395346745
energia_resonancia,48,-0.2685743615515189
energia_resonancia,49,-0.2661977274957712
energia_resonancia,50,-0.26375975891434966
energia_resonancia,51,-0.2613497060621156
energia_resonancia,52,-0.25904409605771483
energia_resonancia,53,-0.256899016562371
energia_resonancia,54,-0.2549449423082706
energia_resonancia,55,-0.25318459668987014
energia_resonancia,56,-0.25159354600670775
energia_resonancia,57,-0.25012280303540496
energia_resonancia,58,-0.24870273863419712
energia_resonancia,59,-0.2472479018558211
energia_resonancia,60,-0.2456626860004077
energia_resonancia,61,-0.24384796768564723
energia_resonancia,62,-0.2417088030307013
energia_resonancia,63,-0.23916297574708667
energia_resonancia,64,-0.2361497191696658
energia_resonancia,65,-0.23263745249117218
energia_resonancia,66,-0.22862914465899742
energia_resonancia,67,-0.22415493083662685
energia_resonancia,68,-0.21923616729775736
energia_resonancia,69,-0.21405549504863974
energia_resonancia,70,-0.20876348891755797
energia_resonancia,71,-0.20344822602229146
energia_resonancia,72,-0.1982471401160413
energia_resonancia,73,-0.1932917994597066
energia_resonancia,74,-0.18870028986952225
energia_resonancia,75,-0.18457050015061666
energia_resonancia,76,-0.1809744424142507
energia_resonancia,77,-0.1779539877373586
energia_resonancia,78,-0.1755061189491658
energia_resonancia,79,-0.17363317313304175
energia_resonancia,80,-0.1722735580800268
energia_resonancia,81,-0.1713577524920678
energia_resonancia,82,-0.1708065590995842
energia_resonancia,83,-0.17054236273738363
energia_resonancia,84,-0.17049942874840676
energia_resonancia,85,-0.17063137195605652
energia_resonancia,86,-0.17091447831955453
energia_resonancia,87,-0.1713464151029008
energia_resonancia,88,-0.1719408318334415
energia_resonancia,89,-0.17271915517847602
energia_resonancia,90,-0.17368847093470366
coherencia_espectral,-90,-0.1627635791471852
coherencia_espectral,-89,-0.16237314458816565
coherencia_espectral,-88,-0.1625831511301847
coherencia_espectral,-87,-0.16333662927182077
coherencia_espectral,-86,-0.16453285850632232
coherencia_espectral,-85,-0.16631727127853713
coherencia_espectral,-84,-0.16848240234006678
coherencia_espectral,-83,-0.17097355233408312
coherencia_espectral,-82,-0.17376532499332656
coherencia_espectral,-81,-0.17653665059694224
coherencia_espectral,-80,-0.17932803977986228
coherencia_espectral,-79,-0.1819156827949843
coherencia_espectral,-78,-0.1841984605858449
coherencia_espectral,-77,-0.18593555547536345
coherencia_espectral,-76,-0.18700853136550563
coherencia_espectral,-75,-0.18742920320229564
coherencia_espectral,-74,-0.18728739077687026
coherencia_espectral,-73,-0.1867110225007734
coherencia_espectral,-72,-0.18595270651516824
coherencia_espectral,-71,-0.1852620869372845
coherencia_espectral,-70,-0.18472028851991296
coherencia_espectral,-69,-0.18432038754356245
coherencia_espectral,-68,-0.18381448134921277
coherencia_espectral,-67,-0.1833760758073207
coherencia_espectral,-66,-0.18292207808187577
coherencia_espectral,-65,-0.1822352442043501
coherencia_espectral,-64,-0.181336454395532
coherencia_espectral,-63,-0.18038812958076356
coherencia_espectral,-62,-0.1794169249420552
coherencia_espectral,-61,-0.17868836369709945
coherencia_espectral,-60,-0.178398735837465
coherencia_espectral,-59,-0.17833996470837446
coherencia_espectral,-58,-0.17838968101060412
coherencia_espectral,-57,-0.17850041564156852
coherencia_espectral,-56,-0.17864522081065262
coherencia_espectral,-55,-0.17849728141859095
coherencia_espectral,-54,-0.17791769565436108
coherencia_espectral,-53,-0.17702604967184196
coherencia_espectral,-52,-0.1757869854833313
coherencia_espectral,-51,-0.174118705397736
coherencia_espectral,-50,-0.17195465256248252
coherencia_espectral,-49,-0.16910443329469904
coherencia_espectral,-48,-0.165781904641242
coherencia_espectral,-47,-0.16206390202601328
coherencia_espectral,-46,-0.1581722335440366
coherencia_espectral,-45,-0.1542821543618861
coherencia_espectral,-44,-0.15072199802570566
coherencia_espectral,-43,-0.1474441518175522
coherencia_espectral,-42,-0.14449621030223053
coherencia_espectral,-41,-0.14186661988999738
coherencia_espectral,-40,-0.13979322965008528
coherencia_espectral,-39,-0.138371766704089
coherencia_espectral,-38,-0.13756607721736347
coherencia_espectral,-37,-0.13735663361986858
coherencia_espectral,-36,-0.13787542627772492
coherencia_espectral,-35,-0.13942456665758804
coherencia_espectral,-34,-0.1419591720943909
coherencia_espectral,-33,-0.14524286095592281
coherencia_espectral,-32,-0.14925357427535726
coherencia_espectral,-31,-0.15388342937417301
coherencia_espectral,-30,-0.15884706270530638
coherencia_espectral,-29,-0.1639682769735681
coherencia_espectral,-28,-0.16921148652097487
coherencia_espectral,-27,-0.17441303446381962
coherencia_espectral,-26,-0.17925842515886595
coherencia_espectral,-25,-0.18357930620879448
coherencia_espectral,-24,-0.1872698812036108
coherencia_espectral,-23,-0.19026917560406076
coherencia_espectral,-22,-0.1926385210423054
coherencia_espectral,-21,-0.19444921255667666
coherencia_espectral,-20,-0.19580998097538396
coherencia_espectral,-19,-0.19686682374646602
coherencia_espectral,-18,-0.1976377326529998
coherencia_espectral,-17,-0.19811012025154162
coherencia_espectral,-16,-0.1986704144055126
coherencia_espectral,-15,-0.19946113271401703
coherencia_espectral,-14,-0.20049674663366268
coherencia_espectral,-13,-0.20157761155108658
coherencia_espectral,-12,-0.20289414920706236
coherencia_espectral,-11,-0.20469081080461615
coherencia_espectral,-10,-0.2069214459447164
coherencia_espectral,-9,-0.20903135965118821
coherencia_espectral,-8,-0.2110251885941973
coherencia_espectral,-7,-0.21275291358240053
coherencia_espectral,-6,-0.21423586749451284
coherencia_espectral,-5,-0.2152536131839631
coherencia_espectral,-4,-0.21600558239323817
coherencia_espectral,-3,-0.21653481033433516
coherencia_espectral,-2,-0.21690174920849462
coherencia_espectral,-1,-0.21706521025829523
coherencia_espectral,0,-0.21731778231938362
coherencia_espectral,1,-0.21775235143306726
coherencia_espectral,2,-0.218622636391241
coherencia_espectral,3,-0.21976762946088693
coherencia_espectral,4,-0.22111534567744595
coherencia_espectral,5,-0.22265042163968263
coherencia_espectral,6,-0.22425076404025895
coherencia_espectral,7,-0.22573379354456172
coherencia_espectral,8,-0.22688037734005811
coherencia_espectral,9,-0.2275819396996968
coherencia_espectral,10,-0.22788774098155676
coherencia_espectral,11,-0.22774327233401825
coherencia_espectral,12,-0.2271807612735546
coherencia_espectral,13,-0.2261868803345579
coherencia_espectral,14,-0.2247201696711596
coherencia_espectral,15,-0.2227901426386139
coherencia_espectral,16,-0.22032351359385338
coherencia_espectral,17,-0.21731229884335293
coherencia_espectral,18,-0.213827114435184
coherencia_espectral,19,-0.21005716610006828
coherencia_espectral,20,-0.20639157647498116
coherencia_espectral,21,-0.20310092551704914
coherencia_espectral,22,-0.20042893420453933
coherencia_espectral,23,-0.19837595539457017
coherencia_espectral,24,-0.1970027020993142
coherencia_espectral,25,-0.1964794622161368
coherencia_espectral,26,-0.19684951532986103
coherencia_espectral,27,-0.19814203047143075
coherencia_espectral,28,-0.20033421882268806
coherencia_espectral,29,-0.20348529205126584
coherencia_espectral,30,-0.20762737660350372
coherencia_espectral,31,-0.21253910345452726
coherencia_espectral,32,-0.2178753634575918
coherencia_espectral,33,-0.2233498681536022
coherencia_espectral,34,-0.22881342124101248
coherencia_espectral,35,-0.23416342648386992
coherencia_espectral,36,-0.23928887723101275
coherencia_espectral,37,-0.24411530726503264
coherencia_espectral,38,-0.2485783395647889
coherencia_espectral,39,-0.2523934642204566
coherencia_espectral,40,-0.2553732245966986
coherencia_espectral,41,-0.25733283214290736
coherencia_espectral,42,-0.2581083973568479
coherencia_espectral,43,-0.2577474898272445
coherencia_espectral,44,-0.2563488972810532
coherencia_espectral,45,-0.2540270765304342
coherencia_espectral,46,-0.25086742251989663
coherencia_espectral,47,-0.24693366999811456
coherencia_espectral,48,-0.24242608753238476
coherencia_espectral,49,-0.23751191754429016
coherencia_espectral,50,-0.2323318785287006
coherencia_espectral,51,-0.22711184744357177
coherencia_espectral,52,-0.22212000491625133
coherencia_espectral,53,-0.21748124588505738
coherencia_espectral,54,-0.21328645853854886
coherencia_espectral,55,-0.20949425051611537
coherencia_espectral,56,-0.20611023403795006
coherencia_espectral,57,-0.20311498846372164
coherencia_espectral,58,-0.2005395861225491
coherencia_espectral,59,-0.19844664994165745
coherencia_espectral,60,-0.1967816735430319
coherencia_espectral,61,-0.1954322238330381
coherencia_espectral,62,-0.19437671644599572
coherencia_espectral,63,-0.19356720627176158
coherencia_espectral,64,-0.19277403393533074
coherencia_espectral,65,-0.1917673710543534
coherencia_espectral,66,-0.1904027209075939
coherencia_espectral,67,-0.18852124926863406
coherencia_espectral,68,-0.18597763456341018
coherencia_espectral,69,-0.1827561801601539
coherencia_espectral,70,-0.17906171218041733
coherencia_espectral,71,-0.1750816382610832
coherencia_espectral,72,-0.17092629351026503
coherencia_espectral,73,-0.16678989579087738
coherencia_espectral,74,-0.162973075391933
coherencia_espectral,75,-0.15973993192704228
coherencia_espectral,76,-0.15734984734826082
coherencia_espectral,77,-0.1561069692210651
coherencia_espectral,78,-0.15600419426770085
coherencia_espectral,79,-0.1569531382704114
coherencia_espectral,80,-0.15885850302822613
coherencia_espectral,81,-0.1614081033783936
coherencia_espectral,82,-0.16417369836293044
coherencia_espectral,83,-0.1667739969265512
coherencia_espectral,84,-0.16891844860786787
coherencia_espectral,85,-0.17045710253682844
coherencia_espectral,86,-0.17119917448435762
coherencia_espectral,87,-0.17115636777483387
coherencia_espectral,88,-0.17049979976356905
coherencia_espectral,89,-0.16949886209546514
coherencia_espectral,90,-0.16836072653541095
entropia_espectral,-90,0.1642822019579159
entropia_espectral,-89,0.1636644297153643
entropia_espectral,-88,0.16337928251013842
entropia_espectral,-87,0.1634560779459856
entropia_espectral,-86,0.1638981042693577
entropia_espectral,-85,0.1648727533125912
entropia_espectral,-84,0.16627554171495282
entropia_espectral,-83,0.16801191025069848
entropia_espectral,-82,0.17007973900355938
entropia_espectral,-81,0.17224616537242513
entropia_espectral,-80,0.17469617336609197
entropia_espectral,-79,0.1771991263403368
entropia_espectral,-78,0.17972753528495775
entropia_espectral,-77,0.1820489830982245
entropia_espectral,-76,0.18404483635915758
entropia_espectral,-75,0.18569748049114895
entropia_espectral,-74,0.18696870335656407
entropia_espectral,-73,0.18783774218447513
entropia_espectral,-72,0.18835744983566663
entropia_espectral,-71,0.18862420955142256
entropia_espectral,-70,0.18878157479764554
entropia_espectral,-69,0.1889361915106885
entropia_espectral,-68,0.18898206168861514
entropia_espectral,-67,0.18916380338252772
entropia_espectral,-66,0.1894811034041396
entropia_espectral,-65,0.18986487095363774
entropia_espectral,-64,0.19035607117721517
entropia_espectral,-63,0.19101651420622892
entropia_espectral,-62,0.19173905190055857
entropia_espectral,-61,0.1925641999822768
entropia_espectral,-60,0.19344902888424859
entropia_espectral,-59,0.19408639149298712
entropia_espectral,-58,0.19438943906651499
entropia_espectral,-57,0.19435736520523755
entropia_espectral,-56,0.19397978418856288
entropia_espectral,-55,0.19304137057638318
entropia_espectral,-54,0.1915146049600173
entropia_espectral,-53,0.18969403397439977
entropia_espectral,-52,0.1876912995009963
entropia_espectral,-51,0.1854405771950512
entropia_espectral,-50,0.18295396615307394
entropia_espectral,-49,0.18017605029373393
entropia_espectral,-48,0.1772983593740013
entropia_espectral,-47,0.17419990543961905
entropia_espectral,-46,0.1709484486109785
entropia_espectral,-45,0.16763280963324603
entropia_espectral,-44,0.16436817068775766
entropia_espectral,-43,0.160982244411755
entropia_espectral,-42,0.15752660815568162
entropia_espectral,-41,0.1541090830280098
entropia_espectral,-40,0.15104396929319466
entropia_espectral,-39,0.14848719686228315
entropia_espectral,-38,0.1465420906249898
entropia_espectral,-37,0.14526857119504608
entropia_espectral,-36,0.14484880877369852
entropia_espectral,-35,0.1455966530062171
entropia_espectral,-34,0.14749982237376696
entropia_espectral,-33,0.15031001107745692
entropia_espectral,-32,0.15398994412378286
entropia_espectral,-31,0.15845949256991357
entropia_espectral,-30,0.16350871249485285
entropia_espectral,-29,0.16894807780930884
entropia_espectral,-28,0.17468351268804164
entropia_espectral,-27,0.18053544144297937
entropia_espectral,-26,0.186195113196336
entropia_espectral,-25,0.19149563247340629
entropia_espectral,-24,0.1963343927777502
entropia_espectral,-23,0.20062206630705934
entropia_espectral,-22,0.20430993030654676
entropia_espectral,-21,0.20732464615584953
entropia_espectral,-20,0.20967800776239576
entropia_espectral,-19,0.21146689235560379
entropia_espectral,-18,0.21275494477851226
entropia_espectral,-17,0.21357795021899434
entropia_espectral,-16,0.21425962052486977
entropia_espectral,-15,0.21488108775035522
entropia_espectral,-14,0.21553961668406701
entropia_espectral,-13,0.21620512375424297
entropia_espectral,-12,0.21706514007969477
entropia_espectral,-11,0.21823800068513757
entropia_espectral,-10,0.21980527304552108
entropia_espectral,-9,0.22136941833516363
entropia_espectral,-8,0.22300952660944126
entropia_espectral,-7,0.22460829920041334
entropia_espectral,-6,0.2261016243899564
entropia_espectral,-5,0.22730335590822978
entropia_espectral,-4,0.22830247169544318
entropia_espectral,-3,0.22905631402991497
entropia_espectral,-2,0.22967082716915627
entropia_espectral,-1,0.23010268888300817
entropia_espectral,0,0.23047160692266214
entropia_espectral,1,0.23087691933333152
entropia_espectral,2,0.2313495827197905
entropia_espectral,3,0.23192076911599452
entropia_espectral,4,0.2325795525085556
entropia_espectral,5,0.23327118123341012
entropia_espectral,6,0.23396025413733895
entropia_espectral,7,0.23455754905108597
entropia_espectral,8,0.23496908830986699
entropia_espectral,9,0.2350719495201868
entropia_espectral,10,0.23485869350293212
entropia_espectral,11,0.2342389069785894
entropia_espectral,12,0.23314592776410842
entropia_espectral,13,0.23155106011614093
entropia_espectral,14,0.2294576642101128
entropia_espectral,15,0.22690690891689122
entropia_espectral,16,0.2239804678836643
entropia_espectral,17,0.22079994027098213
entropia_espectral,18,0.21752329549586014
entropia_espectral,19,0.2143382732026833
entropia_espectral,20,0.21145202084002898
entropia_espectral,21,0.2090764509786595
entropia_espectral,22,0.20741031590462083
entropia_espectral,23,0.2066209356194262
entropia_espectral,24,0.20680216740516277
entropia_espectral,25,0.2080312488148773
entropia_espectral,26,0.21030550471934814
entropia_espectral,27,0.21361252251206564
entropia_espectral,28,0.21784538112949964
entropia_espectral,29,0.2228524319084775
entropia_espectral,30,0.22844695535348558
entropia_espectral,31,0.23440928143931514
entropia_espectral,32,0.24051987524637036
entropia_espectral,33,0.24653531089822944
entropia_espectral,34,0.25220000294562017
entropia_espectral,35,0.2573094321933012
entropia_espectral,36,0.26170630620686613
entropia_espectral,37,0.2652912137831895
entropia_espectral,38,0.2680245224206957
entropia_espectral,39,0.2699191107724744
entropia_espectral,40,0.2710263519819508
entropia_espectral,41,0.2714195756132079
entropia_espectral,42,0.2711791574033054
entropia_espectral,43,0.2703818018330234
entropia_espectral,44,0.2690948573164624
entropia_espectral,45,0.26737567399787443
entropia_espectral,46,0.2652757130914026
entropia_espectral,47,0.2628481812250155
entropia_espectral,48,0.2601561783913724
entropia_espectral,49,0.2572771401416581
entropia_espectral,50,0.2543004394798873
entropia_espectral,51,0.2513184093867359
entropia_espectral,52,0.2484146160915773
entropia_espectral,53,0.24565438479784946
entropia_espectral,54,0.24308059504530252
entropia_espectral,55,0.24071423214415238
entropia_espectral,56,0.23855660753029861
entropia_espectral,57,0.23659005947505687
entropia_espectral,58,0.23477605138793073
entropia_espectral,59,0.23305230231077215
entropia_espectral,60,0.23133212351997606
entropia_espectral,61,0.2295086589262716
entropia_espectral,62,0.2274647366707128
entropia_espectral,63,0.22508678277812783
entropia_espectral,64,0.2222798398781869
entropia_espectral,65,0.21898066352700235
entropia_espectral,66,0.21516688692780003
entropia_espectral,67,0.21085414064155744
entropia_espectral,68,0.20606918811475675
entropia_espectral,69,0.200984224738495
entropia_espectral,70,0.1957658963212459
entropia_espectral,71,0.19054664983970188
entropia_espectral,72,0.18550687447096575
entropia_espectral,73,0.1808255378926667
entropia_espectral,74,0.17666643283644679
entropia_espectral,75,0.17316476499405836
entropia_espectral,76,0.17041505098590518
entropia_espectral,77,0.16846154204029254
entropia_espectral,78,0.1672824308574888
entropia_espectral,79,0.16682786441939743
entropia_espectral,80,0.16696751909375354
entropia_espectral,81,0.16753900538507355
entropia_espectral,82,0.1683563798466311
entropia_espectral,83,0.1692330061713059
entropia_espectral,84,0.17000639211749394
entropia_espectral,85,0.17056040055662153
entropia_espectral,86,0.17084016837533883
entropia_espectral,87,0.1708564042619929
entropia_espectral,88,0.1706780226465248
entropia_espectral,89,0.17041471269615535
entropia_espectral,90,0.17018301151162948
estados_fase,-90,0.25423465893627206
estados_fase,-89,0.2615698152598695
estados_fase,-88,0.2669124625946299
estados_fase,-87,0.27135069606716206
estados_fase,-86,0.27473971910137845
estados_fase,-85,0.2775875298544056
estados_fase,-84,0.27976413417228896
estados_fase,-83,0.2804443436107665
estados_fase,-82,0.28233732029228686
estados_fase,-81,0.2851962457366189
estados_fase,-80,0.2872922639818626
estados_fase,-79,0.2888470297656501
estados_fase,-78,0.2909945973164837
estados_fase,-77,0.29280215022142697
estados_fase,-76,0.2957744794403795
estados_fase,-75,0.30280977972730394
estados_fase,-74,0.30986913917746345
estados_fase,-73,0.31555327983873294
estados_fase,-72,0.3182254511983643
estados_fase,-71,0.31796351783258586
estados_fase,-70,0.3173430120807358
estados_fase,-69,0.31798117310589247
estados_fase,-68,0.3166541793282848
estados_fase,-67,0.3124135224689736
estados_fase,-66,0.3077258173836976
estados_fase,-65,0.30285014469262844
estados_fase,-64,0.2996422045181464
estados_fase,-63,0.29645078452317425
estados_fase,-62,0.29575808324816627
estados_fase,-61,0.29535609153336145
estados_fase,-60,0.29617635046129814
estados_fase,-59,0.29758872165614764
estados_fase,-58,0.29766943676505003
estados_fase,-57,0.2979237325596035
estados_fase,-56,0.29405468172221627
estados_fase,-55,0.28900409631496776
estados_fase,-54,0.28577316497602995
estados_fase,-53,0.28497825627220136
estados_fase,-52,0.28507226188163076
estados_fase,-51,0.28570407896547984
estados_fase,-50,0.2868867221804707
estados_fase,-49,0.28970265818308616
estados_fase,-48,0.29273662833830494
estados_fase,-47,0.29255251721489994
estados_fase,-46,0.2879901826466177
estados_fase,-45,0.2870950935350758
estados_fase,-44,0.2869662421575038
estados_fase,-43,0.28499581449708444
estados_fase,-42,0.28161803279386527
estados_fase,-41,0.2768479644439567
estados_fase,-40,0.27192738974757696
estados_fase,-39,0.265457768146842
estados_fase,-38,0.26071598548052044
estados_fase,-37,0.2562105874262222
estados_fase,-36,0.2520883465596344
estados_fase,-35,0.2518480442295571
estados_fase,-34,0.2528954785289981
estados_fase,-33,0.2531997665062371
estados_fase,-32,0.2509783227757294
estados_fase,-31,0.2511699996301292
estados_fase,-30,0.2545650559572574
estados_fase,-29,0.2574160456241623
estados_fase,-28,0.2572647177019803
estados_fase,-27,0.25633139759266205
estados_fase,-26,0.2530119452014372
estados_fase,-25,0.25220472723720144
estados_fase,-24,0.25229534614301824
estados_fase,-23,0.24967222020647947
estados_fase,-22,0.24764531111932342
estados_fase,-21,0.2449607975272481
estados_fase,-20,0.24746579792004408
estados_fase,-19,0.2482367453642842
estados_fase,-18,0.24901638713725707
estados_fase,-17,0.25276830034186654
estados_fase,-16,0.25673861209720555
estados_fase,-15,0.2593225001263433
estados_fase,-14,0.26127273957151614
estados_fase,-13,0.26568829844685
estados_fase,-12,0.26945440978652924
estados_fase,-11,0.2732836014767214
estados_fase,-10,0.27652140786576623
estados_fase,-9,0.2774895758823103
estados_fase,-8,0.27774091293392816
estados_fase,-7,0.27862488610878944
estados_fase,-6,0.2816595270668972
estados_fase,-5,0.28400628393250765
estados_fase,-4,0.28783665294250754
estados_fase,-3,0.2922551098886084
estados_fase,-2,0.2917458702218588
estados_fase,-1,0.29164050643575934
estados_fase,0,0.28712944489372805
estados_fase,1,0.28433205570431436
estados_fase,2,0.2818347353415859
estados_fase,3,0.2764592082337924
estados_fase,4,0.27094709723257626
estados_fase,5,0.26539584743261874
estados_fase,6,0.2612415696113127
estados_fase,7,0.26088403778241853
estados_fase,8,0.26178548517278327
estados_fase,9,0.26605858864494514
estados_fase,10,0.2713649488628586
estados_fase,11,0.27936425692704836
estados_fase,12,0.2860389090672618
estados_fase,13,0.2907406456744798
estados_fase,14,0.2920864798213186
estados_fase,15,0.2879807589698427
estados_fase,16,0.28237049173005074
estados_fase,17,0.27735379857742554
estados_fase,18,0.27159901315170015
estados_fase,19,0.26540452094454214
estados_fase,20,0.26040735791328207
estados_fase,21,0.2531820197521819
estados_fase,22,0.24700369235207525
estados_fase,23,0.24220647262700912
estados_fase,24,0.2408988459731228
estados_fase,25,0.2409834415451827
estados_fase,26,0.2426590205354079
estados_fase,27,0.24548188362238613
estados_fase,28,0.24976801395941658
estados_fase,29,0.25627426641613166
estados_fase,30,0.2645588531907903
estados_fase,31,0.27273995512782545
estados_fase,32,0.28057315338671684
estados_fase,33,0.2849238742155567
estados_fase,34,0.28892109889312917
estados_fase,35,0.2924207382394189
estados_fase,36,0.29422569391621695
estados_fase,37,0.29885728718097165
estados_fase,38,0.3063046812014174
estados_fase,39,0.3137927669180802
estados_fase,40,0.32072207932800667
estados_fase,41,0.3274595614371948
estados_fase,42,0.33232408679148545
estados_fase,43,0.3349838876683643
estados_fase,44,0.3347617978246209
estados_fase,45,0.3327670951187163
estados_fase,46,0.32671789392359224
estados_fase,47,0.3143909281394349
estados_fase,48,0.3008355241634174
estados_fase,49,0.29222268003150725
estados_fase,50,0.28445149185616464
estados_fase,51,0.2805737169670082
estados_fase,52,0.2823613304892846
estados_fase,53,0.2907785489607756
estados_fase,54,0.30076959191790437
estados_fase,55,0.308521507683895
estados_fase,56,0.3140492607485635
estados_fase,57,0.31912180962395015
estados_fase,58,0.32277930641932917
estados_fase,59,0.3226208720965052
estados_fase,60,0.3203449879077211
estados_fase,61,0.3140492005085897
estados_fase,62,0.3061641859016428
estados_fase,63,0.2978333132827056
estados_fase,64,0.2920717493687831
estados_fase,65,0.2847598383685581
estados_fase,66,0.27810087375286646
estados_fase,67,0.27337693373858785
estados_fase,68,0.271772470315428
estados_fase,69,0.2707099024275205
estados_fase,70,0.2746781924251582
estados_fase,71,0.27650472200465015
estados_fase,72,0.2786792707567617
estados_fase,73,0.2774272315306007
estados_fase,74,0.2776658543017476
estados_fase,75,0.27839003435961296
estados_fase,76,0.27648033463328053
estados_fase,77,0.2743050902087724
estados_fase,78,0.2742765080255008
estados_fase,79,0.2759595826510185
estados_fase,80,0.27811665191571044
estados_fase,81,0.2821433704538667
estados_fase,82,0.2845270025415802
estados_fase,83,0.28584156805080085
estados_fase,84,0.2857283114907006
estados_fase,85,0.28667590462811
estados_fase,86,0.28476659126465825
estados_fase,87,0.2801001770530564
estados_fase,88,0.2789389217632376
estados_fase,89,0.2765130252927816
estados_fase,90,0.27358642486104406
entropia_fase,-90,0.2596021658379107
entropia_fase,-89,0.26615932997474684
entropia_fase,-88,0.2713390734874816
entropia_fase,-87,0.27598550441837266
entropia_fase,-86,0.27983697271921876
entropia_fase,-85,0.28307381624507094
entropia_fase,-84,0.2856740789195661
entropia_fase,-83,0.28672474482733606
entropia_fase,-82,0.28848191066359713
entropia_fase,-81,0.2910847674830056
entropia_fase,-80,0.29301072216176954
entropia_fase,-79,0.29437682083674344
entropia_fase,-78,0.29656206890479275
entropia_fase,-77,0.2979926498760926
entropia_fase,-76,0.3005533619143769
entropia_fase,-75,0.3070173484481719
entropia_fase,-74,0.3133432594458023
entropia_fase,-73,0.31850435424439616
entropia_fase,-72,0.3210424541280021
entropia_fase,-71,0.3209824535479666
entropia_fase,-70,0.3202908724967454
entropia_fase,-69,0.32082190607941774
entropia_fase,-68,0.31925901343707097
entropia_fase,-67,0.31503902745046053
entropia_fase,-66,0.3105878995079206
entropia_fase,-65,0.3061796256700104
entropia_fase,-64,0.3038879955372442
entropia_fase,-63,0.30160504272429933
entropia_fase,-62,0.3018047186115608
entropia_fase,-61,0.30226086959412696
entropia_fase,-60,0.3034098896765735
entropia_fase,-59,0.305144172198878
entropia_fase,-58,0.3050361214805444
entropia_fase,-57,0.3048392834566834
entropia_fase,-56,0.3008355534412039
entropia_fase,-55,0.2960627237807739
entropia_fase,-54,0.29286350897439783
entropia_fase,-53,0.29201488905413103
entropia_fase,-52,0.29217262148607864
entropia_fase,-51,0.29275586609978105
entropia_fase,-50,0.2936129814846349
entropia_fase,-49,0.29583849057761435
entropia_fase,-48,0.2979622349895066
entropia_fase,-47,0.2977900525375452
entropia_fase,-46,0.2933802252386235
entropia_fase,-45,0.29228675036289953
entropia_fase,-44,0.2917053624766452
entropia_fase,-43,0.28898975817368944
entropia_fase,-42,0.28464408059126434
entropia_fase,-41,0.2794680849824671
entropia_fase,-40,0.27411228961759804
entropia_fase,-39,0.2674010490910965
entropia_fase,-38,0.2622326058750874
entropia_fase,-37,0.257510580730299
entropia_fase,-36,0.253255899018876
entropia_fase,-35,0.2531027716889031
entropia_fase,-34,0.254691385786208
entropia_fase,-33,0.2555650614141021
entropia_fase,-32,0.25406946212593257
entropia_fase,-31,0.25491060083505096
entropia_fase,-30,0.25898471649401206
entropia_fase,-29,0.262535807970942
entropia_fase,-28,0.26320228337506046
entropia_fase,-27,0.2625437714465414
entropia_fase,-26,0.259596429418862
entropia_fase,-25,0.2591371488551142
entropia_fase,-24,0.25930217837603475
entropia_fase,-23,0.2569687849336741
entropia_fase,-22,0.25499695775975595
entropia_fase,-21,0.25244697455971654
entropia_fase,-20,0.2549534057867462
entropia_fase,-19,0.2562208480845537
entropia_fase,-18,0.2572664409960306
entropia_fase,-17,0.260946583878712
entropia_fase,-16,0.2648489006640444
entropia_fase,-15,0.2672066702767454
entropia_fase,-14,0.26875430413048157
entropia_fase,-13,0.27279792674979936
entropia_fase,-12,0.2763750387774401
entropia_fase,-11,0.2800475952204176
entropia_fase,-10,0.2831781407382345
entropia_fase,-9,0.28432066497955305
entropia_fase,-8,0.28508465188938953
entropia_fase,-7,0.286732481383849
entropia_fase,-6,0.2901301195599843
entropia_fase,-5,0.2929712785799012
entropia_fase,-4,0.29714207545967974
entropia_fase,-3,0.3018717241918991
entropia_fase,-2,0.3015602714087093
entropia_fase,-1,0.30142415217195234
entropia_fase,0,0.29667426263077507
entropia_fase,1,0.2931241871911013
entropia_fase,2,0.28971799571171886
entropia_fase,3,0.2838133243995739
entropia_fase,4,0.27793247865778214
entropia_fase,5,0.2721193890197075
entropia_fase,6,0.2681445868382609
entropia_fase,7,0.26746567729772264
entropia_fase,8,0.26831459844912176
entropia_fase,9,0.27246057519661737
entropia_fase,10,0.2778432089291859
entropia_fase,11,0.2857089981821006
entropia_fase,12,0.2922523617983657
entropia_fase,13,0.29724805546536265
entropia_fase,14,0.2987113367039414
entropia_fase,15,0.29451423216757255
entropia_fase,16,0.2889018668615413
entropia_fase,17,0.28399074455837847
entropia_fase,18,0.27858432097941305
entropia_fase,19,0.27299053351178465
entropia_fase,20,0.26847160252452684
entropia_fase,21,0.2617924063860339
entropia_fase,22,0.25625425860205514
entropia_fase,23,0.2521911749473194
entropia_fase,24,0.2513442174635984
entropia_fase,25,0.2514655571950272
entropia_fase,26,0.25270845184660234
entropia_fase,27,0.25438326757247465
entropia_fase,28,0.2575322096861559
entropia_fase,29,0.26280715403893545
entropia_fase,30,0.2699431583786664
entropia_fase,31,0.27747612928081694
entropia_fase,32,0.28436545576010214
entropia_fase,33,0.28799868769415987
entropia_fase,34,0.2914417689937534
entropia_fase,35,0.2946832475631637
entropia_fase,36,0.2964700019898105
entropia_fase,37,0.3013778112147196
entropia_fase,38,0.30932001781040647
entropia_fase,39,0.31770502885680885
entropia_fase,40,0.32522133107057866
entropia_fase,41,0.33250143941232696
entropia_fase,42,0.3377841561941217
entropia_fase,43,0.3410626560993356
entropia_fase,44,0.34178828206238654
entropia_fase,45,0.3405712388446801
entropia_fase,46,0.33564717852009596
entropia_fase,47,0.3249572579591579
entropia_fase,48,0.31281875028008366
entropia_fase,49,0.305193451697681
entropia_fase,50,0.2987494034685552
entropia_fase,51,0.29570154498917234
entropia_fase,52,0.2976575083867293
entropia_fase,53,0.30545279276789467
entropia_fase,54,0.3140123112398368
entropia_fase,55,0.31996873696901423
entropia_fase,56,0.3237330602139921
entropia_fase,57,0.32734715564486744
entropia_fase,58,0.3303963785400606
entropia_fase,59,0.3300176810985439
entropia_fase,60,0.32743046277355475
entropia_fase,61,0.32130385979718845
entropia_fase,62,0.31358469050725046
entropia_fase,63,0.30534465928464954
entropia_fase,64,0.2998953717340084
entropia_fase,65,0.29367614756148525
entropia_fase,66,0.28847510232768664
entropia_fase,67,0.28480606470282926
entropia_fase,68,0.2840528799526084
entropia_fase,69,0.28343378461651836
entropia_fase,70,0.28790579142903805
entropia_fase,71,0.29005762230143745
entropia_fase,72,0.29248294726823054
entropia_fase,73,0.29185192987201564
entropia_fase,74,0.2922557018571546
entropia_fase,75,0.2929221031877758
entropia_fase,76,0.2909023702027195
entropia_fase,77,0.2882605950127809
entropia_fase,78,0.28751236862825974
entropia_fase,79,0.2885050148091729
entropia_fase,80,0.29049171229514664
entropia_fase,81,0.2943493223049471
entropia_fase,82,0.29680773830067647
entropia_fase,83,0.29839557275012435
entropia_fase,84,0.2978194120504701
entropia_fase,85,0.2981509174769964
entropia_fase,86,0.29538330928273604
entropia_fase,87,0.2901410026490694
entropia_fase,88,0.28811999851086906
entropia_fase,89,0.2852159040655758
entropia_fase,90,0.2821001268010945
concentracion_fase,-90,-0.23866209394729337
concentracion_fase,-89,-0.2471890267620551
concentracion_fase,-88,-0.25237779447556574
concentracion_fase,-87,-0.25357937808672754
concentracion_fase,-86,-0.25370112888671653
concentracion_fase,-85,-0.2526133584116377
concentracion_fase,-84,-0.25324808460095277
concentracion_fase,-83,-0.2551258235942513
concentracion_fase,-82,-0.2571022693060477
concentracion_fase,-81,-0.26223314847307233
concentracion_fase,-80,-0.26747406000143265
concentracion_fase,-79,-0.2696253160958861
concentracion_fase,-78,-0.2721325151329905
concentracion_fase,-77,-0.27362525587802955
concentracion_fase,-76,-0.2765418093511029
concentracion_fase,-75,-0.2826118673567399
concentracion_fase,-74,-0.2872646121669076
concentracion_fase,-73,-0.29198856579878607
concentracion_fase,-72,-0.29525806038221253
concentracion_fase,-71,-0.2978372736691963
concentracion_fase,-70,-0.2997373569047385
concentracion_fase,-69,-0.3021239554105112
concentracion_fase,-68,-0.3011471838896489
concentracion_fase,-67,-0.297078395431923
concentracion_fase,-66,-0.29273322729469325
concentracion_fase,-65,-0.28721792420720627
concentracion_fase,-64,-0.28460645249792943
concentracion_fase,-63,-0.282122899908824
concentracion_fase,-62,-0.2817965884730818
concentracion_fase,-61,-0.27982424283524726
concentracion_fase,-60,-0.2770576617471925
concentracion_fase,-59,-0.27692601369617686
concentracion_fase,-58,-0.27431804785945946
concentracion_fase,-57,-0.27282300736465015
concentracion_fase,-56,-0.26944605833047175
concentracion_fase,-55,-0.2650622336652525
concentracion_fase,-54,-0.26199610831168096
concentracion_fase,-53,-0.2609430895544515
concentracion_fase,-52,-0.2642452782452657
concentracion_fase,-51,-0.2660250884567803
concentracion_fase,-50,-0.266339462121317
concentracion_fase,-49,-0.2670975606194771
concentracion_fase,-48,-0.2682796813969011
concentracion_fase,-47,-0.2698456697628713
concentracion_fase,-46,-0.26606044720889616
concentracion_fase,-45,-0.26426038197416485
concentracion_fase,-44,-0.26263816508707283
concentracion_fase,-43,-0.2585264053322924
concentracion_fase,-42,-0.25401567557920934
concentracion_fase,-41,-0.25015003557296683
concentracion_fase,-40,-0.24679241448155734
concentracion_fase,-39,-0.24338628676906482
concentracion_fase,-38,-0.2393563636025359
concentracion_fase,-37,-0.2350570755465829
concentracion_fase,-36,-0.22941382566593319
concentracion_fase,-35,-0.22743128004647076
concentracion_fase,-34,-0.2300650192496445
concentracion_fase,-33,-0.23194466961116528
concentracion_fase,-32,-0.2312776762224963
concentracion_fase,-31,-0.23210261130203622
concentracion_fase,-30,-0.23633582049881868
concentracion_fase,-29,-0.2415475593281397
concentracion_fase,-28,-0.24381895297060902
concentracion_fase,-27,-0.2439128660707079
concentracion_fase,-26,-0.2415972565950969
concentracion_fase,-25,-0.23999265547903975
concentracion_fase,-24,-0.23870417571781555
concentracion_fase,-23,-0.2353036675097295
concentracion_fase,-22,-0.23243831175321633
concentracion_fase,-21,-0.23018375335416008
concentracion_fase,-20,-0.23508452174367817
concentracion_fase,-19,-0.24169021097268195
concentracion_fase,-18,-0.24729934865942113
concentracion_fase,-17,-0.2546219107819297
concentracion_fase,-16,-0.26136030820304584
concentracion_fase,-15,-0.26609123889777214
concentracion_fase,-14,-0.2683588034599283
concentracion_fase,-13,-0.2721084266664495
concentracion_fase,-12,-0.27688826522931315
concentracion_fase,-11,-0.2803187517236163
concentracion_fase,-10,-0.2826125416488334
concentracion_fase,-9,-0.2821603110176898
concentracion_fase,-8,-0.28166517591460705
concentracion_fase,-7,-0.28258629753456166
concentracion_fase,-6,-0.2842094767294563
concentracion_fase,-5,-0.2834574744546218
concentracion_fase,-4,-0.28426271287407945
concentracion_fase,-3,-0.2873976601060933
concentracion_fase,-2,-0.288190087877892
concentracion_fase,-1,-0.289839987726843
concentracion_fase,0,-0.28685591684461986
concentracion_fase,1,-0.283408368579755
concentracion_fase,2,-0.28081686431986563
concentracion_fase,3,-0.27671633266878953
concentracion_fase,4,-0.272135799700601
concentracion_fase,5,-0.2673899440558228
concentracion_fase,6,-0.26623004473596007
concentracion_fase,7,-0.2675495093095294
concentracion_fase,8,-0.2711331844052633
concentracion_fase,9,-0.27721771913734683
concentracion_fase,10,-0.28196216617732406
concentracion_fase,11,-0.2896845463369605
concentracion_fase,12,-0.2957358514722373
concentracion_fase,13,-0.30050301531462364
concentracion_fase,14,-0.3040733839827462
concentracion_fase,15,-0.3029412440899449
concentracion_fase,16,-0.3005729416313349
concentracion_fase,17,-0.2982918369881093
concentracion_fase,18,-0.29526264284147846
concentracion_fase,19,-0.2908826632616705
concentracion_fase,20,-0.28720141401907945
concentracion_fase,21,-0.2811639100702245
concentracion_fase,22,-0.27586893468726
concentracion_fase,23,-0.2713955670439066
concentracion_fase,24,-0.2685771295001141
concentracion_fase,25,-0.26599509028755797
concentracion_fase,26,-0.2639359995371485
concentracion_fase,27,-0.2622305382413055
concentracion_fase,28,-0.2639597829785637
concentracion_fase,29,-0.2670769663003123
concentracion_fase,30,-0.273462867075367
concentracion_fase,31,-0.2816770617809385
concentracion_fase,32,-0.2894279390247046
concentracion_fase,33,-0.2943094519632352
concentracion_fase,34,-0.297749935990691
concentracion_fase,35,-0.30105903228220826
concentracion_fase,36,-0.3028684177808378
concentracion_fase,37,-0.30821360012745036
concentracion_fase,38,-0.31494417412557973
concentracion_fase,39,-0.32199520316736535
concentracion_fase,40,-0.3269967356052689
concentracion_fase,41,-0.33067661517976576
concentracion_fase,42,-0.3337527169144879
concentracion_fase,43,-0.3367529468089241
concentracion_fase,44,-0.3383830143607726
concentracion_fase,45,-0.33825830422427255
concentracion_fase,46,-0.3336393694490523
concentracion_fase,47,-0.32347221701287154
concentracion_fase,48,-0.311695285947087
concentracion_fase,49,-0.3045323559400446
concentracion_fase,50,-0.3004549738055927
concentracion_fase,51,-0.29741267418280826
concentracion_fase,52,-0.2994908866705072
concentracion_fase,53,-0.3049102842017305
concentracion_fase,54,-0.30992163400967615
concentracion_fase,55,-0.3116666159184028
concentracion_fase,56,-0.31045249292051746
concentracion_fase,57,-0.3086443209807299
concentracion_fase,58,-0.3067988717781414
concentracion_fase,59,-0.3039625214505652
concentracion_fase,60,-0.2967548618550932
concentracion_fase,61,-0.28890336457612414
concentracion_fase,62,-0.28121565958631173
concentracion_fase,63,-0.2719944207150324
concentracion_fase,64,-0.2679396000191096
concentracion_fase,65,-0.2653864247221989
concentracion_fase,66,-0.2640818592444594
concentracion_fase,67,-0.2645195512946015
concentracion_fase,68,-0.267595919427343
concentracion_fase,69,-0.27108852261659755
concentracion_fase,70,-0.28189910631681525
concentracion_fase,71,-0.2900717382156466
concentracion_fase,72,-0.29713683404505864
concentracion_fase,73,-0.29910351442804395
concentracion_fase,74,-0.3002470639297358
concentracion_fase,75,-0.3007377197686777
concentracion_fase,76,-0.2990981362944616
concentracion_fase,77,-0.29729484669070644
concentracion_fase,78,-0.29693649067200056
concentracion_fase,79,-0.2972915992010945
concentracion_fase,80,-0.2995233831117037
concentracion_fase,81,-0.3016102712433531
concentracion_fase,82,-0.2995742287884696
concentracion_fase,83,-0.2958983997312045
concentracion_fase,84,-0.2915073563602108
concentracion_fase,85,-0.28933020364045425
concentracion_fase,86,-0.2829461753773533
concentracion_fase,87,-0.27643357570072485
concentracion_fase,88,-0.2722189862933452
concentracion_fase,89,-0.26990071813429206
concentracion_fase,90,-0.2705530534592889
