best_lag,windows,mean_r,first_date,last_date
150,182,-0.018723714285714288,2026-07-15T23:40:57.128541+00:00,2026-07-15T23:44:14.068866+00:00
-150,92,-0.3026235652173913,2026-07-15T23:41:29.159562+00:00,2026-07-15T23:44:03.445090+00:00
144,73,0.4239688356164384,2026-07-15T23:41:01.104532+00:00,2026-07-15T23:44:11.524640+00:00
-144,71,0.07119384507042253,2026-07-15T23:41:07.519408+00:00,2026-07-15T23:43:48.549631+00:00
147,66,0.1319755909090909,2026-07-15T23:41:00.472101+00:00,2026-07-15T23:44:07.254115+00:00
148,58,-0.05606675862068965,2026-07-15T23:41:00.110971+00:00,2026-07-15T23:44:03.354442+00:00
-147,55,0.19300336363636364,2026-07-15T23:41:48.907381+00:00,2026-07-15T23:43:52.275555+00:00
149,54,0.38965203703703705,2026-07-15T23:41:18.109991+00:00,2026-07-15T23:44:09.889536+00:00
145,52,0.6133788846153846,2026-07-15T23:41:01.014152+00:00,2026-07-15T23:44:11.434028+00:00
143,52,0.21609588461538462,2026-07-15T23:41:40.558332+00:00,2026-07-15T23:44:12.341983+00:00
140,51,-0.3184812745098039,2026-07-15T23:41:36.667253+00:00,2026-07-15T23:43:58.996569+00:00
135,47,0.21907572340425532,2026-07-15T23:41:14.762648+00:00,2026-07-15T23:44:06.254640+00:00
-143,47,-0.13857810638297874,2026-07-15T23:41:07.159036+00:00,2026-07-15T23:43:50.095165+00:00
-146,42,0.20103238095238096,2026-07-15T23:41:13.131170+00:00,2026-07-15T23:43:52.093494+00:00
134,38,-0.4911754473684211,2026-07-15T23:41:36.486217+00:00,2026-07-15T23:44:06.618308+00:00
-145,38,0.3096953157894737,2026-07-15T23:41:08.513486+00:00,2026-07-15T23:43:51.911890+00:00
124,36,0.3841099722222222,2026-07-15T23:42:41.508345+00:00,2026-07-15T23:44:00.359328+00:00
-149,35,-0.42981665714285716,2026-07-15T23:41:49.088546+00:00,2026-07-15T23:43:52.457311+00:00
138,34,-0.7401666470588236,2026-07-15T23:41:14.129910+00:00,2026-07-15T23:43:40.112271+00:00
-148,34,0.027031382352941186,2026-07-15T23:41:37.388549+00:00,2026-07-15T23:43:40.929125+00:00
146,33,0.5091975454545455,2026-07-15T23:41:00.923463+00:00,2026-07-15T23:44:10.797188+00:00
-140,31,-0.037511290322580645,2026-07-15T23:41:06.524789+00:00,2026-07-15T23:44:13.522514+00:00
75,31,-0.4102435806451613,2026-07-15T23:41:11.048766+00:00,2026-07-15T23:43:22.057725+00:00
-142,30,-0.44816256666666665,2026-07-15T23:41:33.231280+00:00,2026-07-15T23:43:35.575390+00:00
130,28,-0.6218237142857143,2026-07-15T23:41:18.562972+00:00,2026-07-15T23:44:05.982239+00:00
141,28,-0.5591841071428572,2026-07-15T23:41:36.937100+00:00,2026-07-15T23:43:58.814969+00:00
-139,27,0.2743804814814815,2026-07-15T23:40:59.564308+00:00,2026-07-15T23:44:12.797233+00:00
106,25,0.7058654400000001,2026-07-15T23:41:03.901430+00:00,2026-07-15T23:41:06.164615+00:00
142,25,-0.2673518,2026-07-15T23:41:40.649678+00:00,2026-07-15T23:43:58.724507+00:00
133,24,-0.4983637916666667,2026-07-15T23:41:14.853125+00:00,2026-07-15T23:44:08.254886+00:00
-121,24,-0.2559015416666667,2026-07-15T23:41:45.373064+00:00,2026-07-15T23:43:34.577990+00:00
-108,23,0.7845335652173913,2026-07-15T23:41:56.179560+00:00,2026-07-15T23:41:58.806254+00:00
104,23,-0.7313191304347827,2026-07-15T23:42:15.773909+00:00,2026-07-15T23:42:17.767480+00:00
136,22,0.026798227272727262,2026-07-15T23:41:14.672589+00:00,2026-07-15T23:44:00.632657+00:00
-141,22,0.08486377272727273,2026-07-15T23:41:06.978368+00:00,2026-07-15T23:44:13.613110+00:00
-138,20,0.3746383,2026-07-15T23:40:59.293474+00:00,2026-07-15T23:43:34.306063+00:00
-130,19,-0.5608716315789474,2026-07-15T23:41:21.276341+00:00,2026-07-15T23:44:15.703141+00:00
131,17,-0.6925087647058823,2026-07-15T23:41:15.125082+00:00,2026-07-15T23:44:08.891424+00:00
-119,16,0.51926525,2026-07-15T23:41:15.486299+00:00,2026-07-15T23:43:53.821032+00:00
115,16,-0.697806375,2026-07-15T23:40:58.484768+00:00,2026-07-15T23:42:26.016351+00:00
-132,16,0.783037875,2026-07-15T23:41:21.551168+00:00,2026-07-15T23:43:29.948711+00:00
139,15,-0.4703486,2026-07-15T23:41:13.947833+00:00,2026-07-15T23:43:40.657192+00:00
114,14,-0.7024693571428572,2026-07-15T23:40:58.031088+00:00,2026-07-15T23:42:25.925489+00:00
127,14,0.5666844285714286,2026-07-15T23:42:22.297055+00:00,2026-07-15T23:43:55.274328+00:00
-120,14,-0.5656874285714285,2026-07-15T23:41:29.069567+00:00,2026-07-15T23:43:14.521415+00:00
56,13,0.5797155384615384,2026-07-15T23:42:54.204258+00:00,2026-07-15T23:43:47.461334+00:00
-133,13,0.511840076923077,2026-07-15T23:41:21.641468+00:00,2026-07-15T23:43:30.039502+00:00
-123,13,-0.6465526153846154,2026-07-15T23:41:24.177501+00:00,2026-07-15T23:43:16.336845+00:00
-137,13,0.35683084615384614,2026-07-15T23:40:58.933700+00:00,2026-07-15T23:43:34.215386+00:00
-122,13,-0.30762753846153845,2026-07-15T23:41:13.764264+00:00,2026-07-15T23:43:33.942623+00:00
103,12,-0.47342599999999996,2026-07-15T23:41:42.924413+00:00,2026-07-15T23:42:18.671901+00:00
74,12,0.7402955833333333,2026-07-15T23:41:10.868113+00:00,2026-07-15T23:41:13.040541+00:00
137,11,-0.014820454545454543,2026-07-15T23:41:14.401342+00:00,2026-07-15T23:43:38.298377+00:00
128,11,-0.48943490909090914,2026-07-15T23:43:27.040252+00:00,2026-07-15T23:44:04.171115+00:00
113,11,-0.7065464545454545,2026-07-15T23:42:22.569512+00:00,2026-07-15T23:42:25.744484+00:00
123,11,0.20197145454545454,2026-07-15T23:41:44.648945+00:00,2026-07-15T23:43:00.192351+00:00
-124,10,-0.6373567,2026-07-15T23:41:40.929093+00:00,2026-07-15T23:43:25.591176+00:00
126,10,-0.3499458,2026-07-15T23:42:22.478873+00:00,2026-07-15T23:43:27.221988+00:00
-134,9,0.7486566666666667,2026-07-15T23:41:20.460884+00:00,2026-07-15T23:43:50.912780+00:00
-110,9,0.7030055555555556,2026-07-15T23:41:58.081778+00:00,2026-07-15T23:42:02.250907+00:00
61,9,0.522819,2026-07-15T23:41:50.992201+00:00,2026-07-15T23:41:51.716771+00:00
98,8,0.534547125,2026-07-15T23:42:08.971444+00:00,2026-07-15T23:42:09.604314+00:00
57,8,0.614868,2026-07-15T23:42:54.747632+00:00,2026-07-15T23:43:48.278203+00:00
132,8,-0.23245325,2026-07-15T23:41:15.034337+00:00,2026-07-15T23:44:08.436724+00:00
121,8,-0.805752875,2026-07-15T23:41:08.242023+00:00,2026-07-15T23:43:30.855882+00:00
-69,8,0.4866055,2026-07-15T23:41:17.928632+00:00,2026-07-15T23:43:13.703655+00:00
-71,8,0.631649875,2026-07-15T23:43:12.432606+00:00,2026-07-15T23:43:13.522264+00:00
-129,8,0.2030405,2026-07-15T23:41:21.005392+00:00,2026-07-15T23:44:15.793993+00:00
-115,8,-0.471746375,2026-07-15T23:42:09.695045+00:00,2026-07-15T23:43:37.301859+00:00
-136,8,0.684634,2026-07-15T23:41:20.642096+00:00,2026-07-15T23:43:30.220960+00:00
-126,8,-0.67639025,2026-07-15T23:41:26.805692+00:00,2026-07-15T23:42:57.921819+00:00
58,8,0.586424375,2026-07-15T23:42:53.481228+00:00,2026-07-15T23:43:47.914497+00:00
125,7,-0.08633285714285711,2026-07-15T23:42:22.388184+00:00,2026-07-15T23:43:59.905519+00:00
-64,7,-0.7372195714285714,2026-07-15T23:41:16.662093+00:00,2026-07-15T23:41:17.204483+00:00
129,7,0.6753654285714286,2026-07-15T23:41:18.653952+00:00,2026-07-15T23:43:55.455343+00:00
-101,7,-0.7359075714285714,2026-07-15T23:41:18.744439+00:00,2026-07-15T23:41:19.286957+00:00
-117,7,0.48792914285714284,2026-07-15T23:41:16.300818+00:00,2026-07-15T23:43:14.067384+00:00
76,6,0.761157,2026-07-15T23:41:10.958281+00:00,2026-07-15T23:41:11.683563+00:00
18,6,0.5571741666666666,2026-07-15T23:43:22.148807+00:00,2026-07-15T23:43:22.601525+00:00
-116,6,0.6559381666666667,2026-07-15T23:41:28.253676+00:00,2026-07-15T23:41:28.705734+00:00
-106,6,0.16624433333333336,2026-07-15T23:41:55.443006+00:00,2026-07-15T23:42:53.391115+00:00
-89,6,-0.6481856666666667,2026-07-15T23:42:44.412185+00:00,2026-07-15T23:42:44.865610+00:00
-90,6,-0.6769981666666668,2026-07-15T23:42:30.180277+00:00,2026-07-15T23:42:32.718213+00:00
-118,6,0.19364150000000002,2026-07-15T23:41:16.119404+00:00,2026-07-15T23:43:14.249222+00:00
-92,6,-0.7816826666666667,2026-07-15T23:42:30.723446+00:00,2026-07-15T23:42:31.176863+00:00
99,5,0.0937594,2026-07-15T23:42:19.215423+00:00,2026-07-15T23:43:31.219157+00:00
-135,5,0.21711280000000005,2026-07-15T23:41:20.551358+00:00,2026-07-15T23:42:24.927614+00:00
-128,5,0.6622442,2026-07-15T23:41:36.395342+00:00,2026-07-15T23:43:40.748116+00:00
9,5,-0.4998486,2026-07-15T23:43:42.925867+00:00,2026-07-15T23:43:43.287829+00:00
-107,5,0.4665068,2026-07-15T23:41:33.774830+00:00,2026-07-15T23:41:56.088745+00:00
95,5,-0.5777526,2026-07-15T23:43:05.538050+00:00,2026-07-15T23:43:06.354415+00:00
-109,5,0.7438986,2026-07-15T23:41:57.810796+00:00,2026-07-15T23:41:58.354169+00:00
101,5,-0.22683920000000005,2026-07-15T23:41:42.561175+00:00,2026-07-15T23:42:19.033511+00:00
105,4,-0.32499075,2026-07-15T23:41:04.535572+00:00,2026-07-15T23:42:12.875089+00:00
8,4,-0.49976875,2026-07-15T23:43:43.378463+00:00,2026-07-15T23:43:43.921857+00:00
-91,4,-0.79423025,2026-07-15T23:42:30.361808+00:00,2026-07-15T23:42:30.633088+00:00
28,4,-0.59635525,2026-07-15T23:41:03.539495+00:00,2026-07-15T23:41:03.810917+00:00
94,4,-0.59600675,2026-07-15T23:43:06.445633+00:00,2026-07-15T23:43:09.168874+00:00
-88,4,-0.5828720000000001,2026-07-15T23:42:49.674480+00:00,2026-07-15T23:42:51.396577+00:00
-93,3,0.6729283333333332,2026-07-15T23:41:48.547018+00:00,2026-07-15T23:41:48.727436+00:00
-81,3,0.5917910000000001,2026-07-15T23:42:21.204950+00:00,2026-07-15T23:42:21.386424+00:00
24,3,0.67239,2026-07-15T23:42:26.470600+00:00,2026-07-15T23:42:26.652349+00:00
-68,3,-0.7648493333333333,2026-07-15T23:41:17.657444+00:00,2026-07-15T23:41:17.838235+00:00
-67,3,-0.764297,2026-07-15T23:41:17.385337+00:00,2026-07-15T23:41:17.566620+00:00
102,3,0.11917200000000001,2026-07-15T23:41:42.743147+00:00,2026-07-15T23:42:18.762622+00:00
89,3,-0.18163566666666667,2026-07-15T23:43:05.357516+00:00,2026-07-15T23:43:46.463552+00:00
-127,3,0.7229416666666667,2026-07-15T23:41:36.214966+00:00,2026-07-15T23:42:33.805371+00:00
29,3,-0.628281,2026-07-15T23:41:06.254907+00:00,2026-07-15T23:41:06.434969+00:00
-105,2,-0.643402,2026-07-15T23:42:53.119782+00:00,2026-07-15T23:42:53.210265+00:00
-125,2,-0.605809,2026-07-15T23:41:40.837786+00:00,2026-07-15T23:41:46.552148+00:00
-37,2,-0.606516,2026-07-15T23:44:12.433331+00:00,2026-07-15T23:44:12.524478+00:00
23,2,0.6798435,2026-07-15T23:42:26.742321+00:00,2026-07-15T23:42:26.833182+00:00
13,2,0.5922495,2026-07-15T23:43:01.098375+00:00,2026-07-15T23:43:01.188933+00:00
55,2,0.5210494999999999,2026-07-15T23:42:49.493266+00:00,2026-07-15T23:42:49.583855+00:00
120,2,0.0013414999999999955,2026-07-15T23:41:46.642882+00:00,2026-07-15T23:43:30.946807+00:00
118,2,-0.816408,2026-07-15T23:41:08.151791+00:00,2026-07-15T23:41:08.422544+00:00
93,2,-0.6073835000000001,2026-07-15T23:43:08.805330+00:00,2026-07-15T23:43:08.896404+00:00
25,2,0.633378,2026-07-15T23:42:26.289131+00:00,2026-07-15T23:42:26.379918+00:00
-65,1,-0.761426,2026-07-15T23:41:17.294778+00:00,2026-07-15T23:41:17.294778+00:00
-131,1,0.758393,2026-07-15T23:41:21.460796+00:00,2026-07-15T23:41:21.460796+00:00
54,1,0.557178,2026-07-15T23:42:48.950873+00:00,2026-07-15T23:42:48.950873+00:00
78,1,-0.608387,2026-07-15T23:41:54.623794+00:00,2026-07-15T23:41:54.623794+00:00
100,1,-0.705515,2026-07-15T23:42:19.124218+00:00,2026-07-15T23:42:19.124218+00:00
-111,1,0.638274,2026-07-15T23:42:02.342515+00:00,2026-07-15T23:42:02.342515+00:00
12,1,0.5862,2026-07-15T23:43:01.279504+00:00,2026-07-15T23:43:01.279504+00:00
108,1,0.575978,2026-07-15T23:43:09.259578+00:00,2026-07-15T23:43:09.259578+00:00
-61,1,-0.51123,2026-07-15T23:43:51.003535+00:00,2026-07-15T23:43:51.003535+00:00
116,1,-0.653358,2026-07-15T23:42:26.106817+00:00,2026-07-15T23:42:26.106817+00:00
-102,1,-0.702283,2026-07-15T23:41:19.377876+00:00,2026-07-15T23:41:19.377876+00:00
117,1,-0.621441,2026-07-15T23:42:26.197735+00:00,2026-07-15T23:42:26.197735+00:00
1,1,0.567981,2026-07-15T23:41:22.364272+00:00,2026-07-15T23:41:22.364272+00:00
72,1,0.69667,2026-07-15T23:41:10.777536+00:00,2026-07-15T23:41:10.777536+00:00
-38,1,-0.60922,2026-07-15T23:44:12.615286+00:00,2026-07-15T23:44:12.615286+00:00
-60,1,-0.518239,2026-07-15T23:43:51.094023+00:00,2026-07-15T23:43:51.094023+00:00
69,1,0.690637,2026-07-15T23:41:10.687202+00:00,2026-07-15T23:41:10.687202+00:00
