month,days,mean_ssn,max_ssn
1818-01,8,58.125,105.0
1818-02,14,37.429,192.0
1818-03,14,42.357,85.0
1818-04,21,57.524,92.0
1818-05,25,88.48,202.0
1818-06,25,60.8,125.0
1818-07,21,46.762,87.0
1818-08,20,52.55,98.0
1818-09,18,43.389,103.0
1818-10,22,52.773,163.0
1818-11,12,18.333,42.0
1818-12,13,43.0,107.0
1819-01,12,54.667,88.0
1819-02,10,34.6,67.0
1819-03,23,6.261,30.0
1819-04,23,33.739,82.0
1819-05,31,32.613,83.0
1819-06,23,58.261,118.0
1819-07,15,52.467,162.0
1819-08,24,43.458,110.0
1819-09,27,24.815,98.0
1819-10,22,45.909,80.0
1819-11,19,41.789,137.0
1819-12,20,50.9,85.0
1820-01,19,32.0,88.0
1820-02,14,44.357,83.0
1820-03,23,7.478,77.0
1820-04,19,32.263,100.0
1820-05,20,48.9,100.0
1820-06,25,17.92,73.0
1820-07,7,34.143,98.0
1820-08,17,43.118,72.0
1820-09,25,8.64,30.0
1820-10,26,14.885,67.0
1820-11,13,13.231,35.0
1820-12,16,15.062,65.0
1821-01,8,36.0,52.0
1821-02,24,7.0,75.0
1821-03,29,9.517,33.0
1821-04,18,15.222,50.0
1821-05,31,2.806,27.0
1821-06,29,2.966,30.0
1821-07,24,4.25,42.0
1821-08,26,8.038,32.0
1821-09,29,7.276,53.0
1821-10,28,31.393,63.0
1821-11,27,7.333,47.0
1821-12,31,0.419,13.0
1822-01,31,0.0,0.0
1822-02,28,1.5,42.0
1822-03,28,26.857,77.0
1822-04,26,21.654,65.0
1822-05,30,2.433,40.0
1822-06,29,9.31,67.0
1822-07,29,13.241,63.0
1822-08,31,3.419,53.0
1822-09,30,0.0,0.0
1822-10,31,0.581,18.0
1822-11,30,0.0,0.0
1822-12,30,0.0,0.0
1823-01,31,0.0,0.0
1823-02,28,0.0,0.0
1823-03,29,0.966,28.0
1823-04,30,0.0,0.0
1823-05,25,0.0,0.0
1823-06,23,0.0,0.0
1823-07,24,0.75,18.0
1823-08,27,0.0,0.0
1823-09,27,0.0,0.0
1823-10,20,0.0,0.0
1823-11,20,0.0,0.0
1823-12,18,34.0,43.0
1824-01,3,36.0,38.0
1824-03,21,0.0,0.0
1824-04,8,32.25,47.0
1824-05,19,4.632,42.0
1824-06,25,0.0,0.0
1824-07,21,0.0,0.0
1824-08,15,2.333,35.0
1824-09,19,34.263,83.0
1824-10,25,42.0,102.0
1824-11,18,0.0,0.0
1824-12,20,1.4,20.0
1825-01,29,8.414,62.0
1825-02,24,25.875,132.0
1825-03,27,37.407,138.0
1825-04,25,6.24,53.0
1825-05,25,25.76,47.0
1825-06,28,25.643,77.0
1825-07,30,51.5,145.0
1825-08,30,42.767,127.0
1825-09,26,26.154,75.0
1825-10,25,26.0,82.0
1825-11,18,19.556,72.0
1825-12,23,36.739,130.0
1826-01,21,29.429,82.0
1826-02,25,30.24,87.0
1826-03,28,61.321,110.0
1826-04,27,39.963,108.0
1826-05,30,53.9,102.0
1826-06,29,61.655,160.0
1826-07,30,87.5,150.0
1826-08,31,66.032,152.0
1826-09,30,31.567,87.0
1826-10,28,84.429,148.0
1826-11,22,65.818,265.0
1826-12,19,113.632,268.0
1827-01,23,57.696,140.0
1827-02,25,79.0,187.0
1827-03,28,96.25,170.0
1827-04,27,76.667,123.0
1827-05,30,93.767,158.0
1827-06,26,94.423,195.0
1827-07,31,70.387,132.0
1827-08,29,89.448,145.0
1827-09,30,82.633,153.0
1827-10,27,93.481,162.0
1827-11,20,80.35,185.0
1827-12,25,76.84,145.0
1828-01,18,88.0,177.0
1828-02,22,107.273,140.0
1828-03,24,108.458,215.0
1828-04,29,101.862,198.0
1828-05,27,148.593,263.0
1828-06,26,163.385,295.0
1828-07,31,90.355,212.0
1828-08,31,127.323,193.0
1828-09,30,83.933,132.0
1828-10,26,91.115,170.0
1828-11,22,94.955,168.0
1828-12,15,78.133,143.0
1829-01,14,71.571,118.0
1829-02,20,82.3,157.0
1829-03,26,120.615,227.0
1829-04,29,158.414,227.0
1829-05,29,112.345,263.0
1829-06,28,123.179,385.0
1829-07,28,151.536,233.0
1829-08,27,129.296,268.0
1829-09,26,88.038,193.0
1829-10,23,95.348,137.0
1829-11,19,112.737,218.0
1829-12,22,94.091,163.0
1830-01,17,87.0,245.0
1830-02,18,120.056,193.0
1830-03,20,140.95,195.0
1830-04,26,177.308,327.0
1830-05,28,110.5,222.0
1830-06,27,108.444,153.0
1830-07,26,73.154,118.0
1830-08,25,84.6,143.0
1830-09,24,103.417,158.0
1830-10,25,140.6,245.0
1830-11,19,135.421,225.0
1830-12,13,136.846,198.0
1831-01,22,79.045,217.0
1831-02,21,83.571,208.0
1831-03,25,155.76,240.0
1831-04,27,90.852,162.0
1831-05,31,63.387,130.0
1831-06,27,55.556,127.0
1831-07,29,75.414,268.0
1831-08,28,91.607,162.0
1831-09,22,63.227,123.0
1831-10,23,77.087,132.0
1831-11,15,72.533,118.0
1831-12,15,48.267,118.0
1832-01,11,51.455,117.0
1832-02,23,92.609,158.0
1832-03,21,91.857,182.0
1832-04,27,44.815,107.0
1832-05,28,68.857,135.0
1832-06,22,44.545,82.0
1832-07,25,23.28,58.0
1832-08,31,14.774,50.0
1832-09,29,13.655,50.0
1832-10,25,35.2,70.0
1832-11,18,23.833,83.0
1832-12,17,45.824,112.0
1833-01,22,18.727,83.0
1833-02,21,24.905,67.0
1833-03,19,19.579,53.0
1833-04,27,4.63,27.0
1833-05,28,21.464,57.0
1833-06,30,1.667,25.0
1833-07,27,11.593,52.0
1833-08,30,9.5,37.0
1833-09,16,19.312,102.0
1833-10,29,12.483,68.0
1833-11,24,9.75,25.0
1833-12,19,16.579,35.0
1834-01,11,8.182,40.0
1834-02,20,30.1,68.0
1834-03,24,6.5,53.0
1834-04,25,2.4,35.0
1834-05,30,14.767,57.0
1834-06,28,13.071,40.0
1834-07,22,14.409,65.0
1834-08,29,6.621,32.0
1834-09,21,19.19,37.0
1834-10,20,41.25,98.0
1834-11,15,50.933,143.0
1834-12,15,57.467,128.0
1835-01,22,12.364,73.0
1835-02,15,40.733,78.0
1835-03,18,32.667,82.0
1835-04,14,102.357,153.0
1835-05,22,72.591,200.0
1835-06,17,55.176,92.0
1835-07,13,99.615,173.0
1835-08,2,98.5,105.0
1835-09,11,168.0,253.0
1835-10,16,158.625,282.0
1835-11,15,166.667,257.0
1835-12,8,129.25,202.0
1836-01,17,147.647,218.0
1836-02,14,179.357,253.0
1836-03,12,163.667,278.0
1836-04,16,238.0,345.0
1836-05,23,185.696,310.0
1836-06,15,207.933,307.0
1836-07,15,194.6,262.0
1836-08,16,179.625,312.0
1836-09,12,158.5,327.0
1836-10,11,228.909,383.0
1836-11,11,201.545,262.0
1836-12,4,343.75,368.0
1837-01,10,313.4,395.0
1837-02,13,292.615,435.0
1837-03,12,224.333,283.0
1837-04,10,230.3,293.0
1837-05,15,186.067,298.0
1837-06,18,263.389,393.0
1837-07,9,271.222,393.0
1837-08,11,223.455,292.0
1837-09,19,160.368,248.0
1837-10,18,206.167,307.0
1837-11,7,178.429,243.0
1837-12,8,216.125,353.0
1838-01,11,241.455,383.0
1838-02,18,141.333,360.0
1838-03,12,234.5,407.0
1838-04,16,211.062,392.0
1838-05,20,229.35,282.0
1838-06,19,157.579,237.0
1838-07,21,180.429,260.0
1838-08,15,131.267,250.0
1838-09,23,122.696,210.0
1838-10,16,151.5,262.0
1838-11,16,129.188,237.0
1838-12,14,132.929,207.0
1839-01,15,175.933,302.0
1839-02,12,170.75,250.0
1839-03,15,129.467,232.0
1839-04,14,102.929,133.0
1839-05,22,89.591,132.0
1839-06,20,91.15,145.0
1839-07,25,141.28,265.0
1839-08,17,218.765,353.0
1839-09,18,221.111,398.0
1839-10,16,151.5,292.0
1839-11,11,114.727,177.0
1839-12,9,106.222,237.0
1840-01,18,135.444,193.0
1840-02,14,146.143,238.0
1840-03,18,112.944,197.0
1840-04,21,109.81,215.0
1840-05,22,115.364,207.0
1840-06,27,80.889,123.0
1840-07,23,101.043,183.0
1840-08,24,96.417,200.0
1840-09,20,123.25,240.0
1840-10,19,91.684,195.0
1840-11,20,90.4,150.0
1840-12,22,89.5,153.0
1841-01,15,40.067,92.0
1841-02,20,49.9,102.0
1841-03,22,49.591,118.0
1841-04,28,66.929,128.0
1841-05,27,112.444,160.0
1841-06,24,92.75,128.0
1841-07,27,51.37,112.0
1841-08,28,65.357,110.0
1841-09,28,60.893,157.0
1841-10,19,47.421,103.0
1841-11,20,32.9,62.0
1841-12,19,64.842,150.0
1842-01,20,33.95,108.0
1842-02,22,36.818,83.0
1842-03,25,36.16,125.0
1842-04,30,44.933,107.0
1842-05,31,41.387,120.0
1842-06,30,34.167,58.0
1842-07,31,21.032,92.0
1842-08,31,44.419,73.0
1842-09,28,30.607,75.0
1842-10,23,63.478,102.0
1842-11,25,67.48,132.0
1842-12,15,29.267,78.0
1843-01,22,22.182,60.0
1843-02,14,5.857,27.0
1843-03,29,13.862,52.0
1843-04,29,15.828,50.0
1843-05,30,35.133,85.0
1843-06,30,17.567,48.0
1843-07,31,15.871,50.0
1843-08,31,19.581,68.0
1843-09,30,6.933,33.0
1843-10,31,8.871,53.0
1843-11,27,31.741,75.0
1843-12,16,21.188,82.0
1844-01,24,15.708,45.0
1844-02,22,24.545,67.0
1844-03,21,22.524,60.0
1844-04,28,34.607,98.0
1844-05,25,19.24,37.0
1844-06,29,6.172,57.0
1844-07,29,35.207,143.0
1844-08,28,39.679,128.0
1844-09,27,11.593,65.0
1844-10,25,35.88,132.0
1844-11,16,17.875,75.0
1844-12,20,36.0,78.0
1845-01,17,42.765,95.0
1845-02,17,72.824,137.0
1845-03,22,72.091,118.0
1845-04,25,95.04,152.0
1845-05,27,79.667,192.0
1845-06,25,51.84,120.0
1845-07,24,51.042,128.0
1845-08,27,53.889,168.0
1845-09,26,49.346,125.0
1845-10,19,67.789,135.0
1845-11,23,65.696,127.0
1845-12,13,99.462,135.0
1846-01,19,64.579,140.0
1846-02,21,84.857,198.0
1846-03,22,106.5,193.0
1846-04,19,115.474,258.0
1846-05,21,99.905,217.0
1846-06,28,108.429,193.0
1846-07,26,77.462,123.0
1846-08,26,91.308,252.0
1846-09,23,178.565,270.0
1846-10,16,93.438,157.0
1846-11,16,100.625,228.0
1846-12,10,109.1,167.0
1847-01,11,104.364,243.0
1847-02,10,74.9,162.0
1847-03,19,143.0,290.0
1847-04,20,74.55,158.0
1847-05,26,125.731,242.0
1847-06,25,142.16,195.0
1847-07,25,87.08,195.0
1847-08,28,234.286,423.0
1847-09,15,268.2,385.0
1847-10,19,300.632,408.0
1847-11,20,231.5,352.0
1847-12,14,182.643,348.0
1848-01,14,265.214,315.0
1848-02,13,186.385,242.0
1848-03,17,181.176,235.0
1848-04,18,178.556,227.0
1848-05,27,170.481,235.0
1848-06,24,214.917,303.0
1848-07,27,231.963,353.0
1848-08,21,220.905,327.0
1848-09,20,167.25,262.0
1848-10,13,220.615,312.0
1848-11,16,191.0,340.0
1848-12,24,265.833,353.0
1849-01,31,298.29,437.0
1849-02,28,250.25,361.0
1849-03,31,182.742,323.0
1849-04,30,194.7,338.0
1849-05,31,153.194,247.0
1849-06,30,154.167,293.0
1849-07,31,148.194,256.0
1849-08,31,128.581,199.0
1849-09,30,178.033,283.0
1849-10,31,135.71,228.0
1849-11,30,188.167,388.0
1849-12,31,184.258,291.0
1850-01,31,148.226,270.0
1850-02,28,169.75,293.0
1850-03,31,156.839,319.0
1850-04,30,83.833,190.0
1850-05,31,117.032,203.0
1850-06,30,133.0,279.0
1850-07,31,74.323,217.0
1850-08,31,117.032,163.0
1850-09,30,163.7,239.0
1850-10,31,134.903,232.0
1850-11,30,104.1,232.0
1850-12,31,115.871,192.0
1851-01,31,143.452,289.0
1851-02,28,200.071,294.0
1851-03,31,122.806,182.0
1851-04,30,107.333,213.0
1851-05,31,118.935,203.0
1851-06,30,120.0,205.0
1851-07,31,68.645,156.0
1851-08,31,108.968,173.0
1851-09,30,128.867,228.0
1851-10,31,118.71,258.0
1851-11,30,96.8,190.0
1851-12,31,135.484,224.0
1852-01,31,129.871,241.0
1852-02,29,126.207,274.0
1852-03,31,116.226,182.0
1852-04,30,124.267,222.0
1852-05,31,104.323,184.0
1852-06,30,89.0,152.0
1852-07,31,80.0,133.0
1852-08,31,75.323,131.0
1852-09,30,71.2,167.0
1852-10,31,127.935,277.0
1852-11,30,103.067,199.0
1852-12,31,86.129,211.0
1853-01,31,77.903,182.0
1853-02,28,81.464,162.0
1853-03,31,71.581,142.0
1853-04,30,90.4,150.0
1853-05,31,65.871,135.0
1853-06,30,75.967,173.0
1853-07,31,87.194,150.0
1853-08,31,95.839,167.0
1853-09,30,63.667,129.0
1853-10,31,80.452,144.0
1853-11,30,54.733,84.0
1853-12,31,44.516,101.0
1854-01,31,29.258,65.0
1854-02,28,38.036,82.0
1854-03,31,39.387,85.0
1854-04,30,50.3,106.0
1854-05,31,45.613,103.0
1854-06,30,40.067,89.0
1854-07,31,35.452,78.0
1854-08,31,30.065,65.0
1854-09,30,42.6,108.0
1854-10,31,24.065,101.0
1854-11,30,53.5,124.0
1854-12,31,41.097,99.0
1855-01,31,23.387,84.0
1855-02,28,21.607,78.0
1855-03,31,33.032,84.0
1855-04,30,8.367,40.0
1855-05,31,17.29,104.0
1855-06,30,10.0,48.0
1855-07,31,0.677,21.0
1855-08,31,5.935,40.0
1855-09,30,0.0,0.0
1855-10,31,18.323,53.0
1855-11,30,7.933,36.0
1855-12,31,5.806,59.0
1856-01,31,0.968,30.0
1856-02,29,9.31,30.0
1856-03,31,0.742,23.0
1856-04,30,12.367,51.0
1856-05,31,0.0,0.0
1856-06,30,9.8,55.0
1856-07,31,8.806,28.0
1856-08,31,11.323,49.0
1856-09,30,8.433,36.0
1856-10,31,8.548,51.0
1856-11,30,14.733,44.0
1856-12,31,13.742,61.0
1857-01,31,26.032,66.0
1857-02,28,14.214,51.0
1857-03,31,9.968,27.0
1857-04,30,21.067,61.0
1857-05,31,54.226,142.0
1857-06,30,30.467,76.0
1857-07,31,42.161,91.0
1857-08,31,32.0,74.0
1857-09,30,80.567,135.0
1857-10,31,77.065,180.0
1857-11,30,59.567,129.0
1857-12,31,70.677,150.0
1858-01,31,74.226,162.0
1858-02,28,66.25,125.0
1858-03,31,109.161,236.0
1858-04,30,72.8,141.0
1858-05,31,78.645,169.0
1858-06,30,84.5,188.0
1858-07,31,107.742,171.0
1858-08,31,104.935,190.0
1858-09,30,152.2,270.0
1858-10,31,173.226,256.0
1858-11,30,98.6,184.0
1858-12,31,127.032,228.0
1859-01,31,159.0,238.0
1859-02,28,166.393,266.0
1859-03,31,171.516,283.0
1859-04,30,162.867,289.0
1859-05,31,172.839,260.0
1859-06,30,165.233,315.0
1859-07,31,180.742,315.0
1859-08,31,203.0,312.0
1859-09,30,200.867,293.0
1859-10,31,217.774,308.0
1859-11,30,184.633,266.0
1859-12,31,153.935,274.0
1860-01,31,156.645,234.0
1860-02,29,167.897,314.0
1860-03,31,187.968,293.0
1860-04,30,135.667,198.0
1860-05,31,203.484,308.0
1860-06,30,206.333,418.0
1860-07,31,221.903,350.0
1860-08,31,190.484,293.0
1860-09,30,175.2,274.0
1860-10,31,171.129,270.0
1860-11,30,186.033,298.0
1860-12,31,181.71,314.0
1861-01,31,118.452,188.0
1861-02,28,147.536,245.0
1861-03,31,192.032,342.0
1861-04,30,187.067,378.0
1861-05,31,107.806,251.0
1861-06,30,167.5,287.0
1861-07,31,148.226,217.0
1861-08,31,156.71,293.0
1861-09,30,151.867,241.0
1861-10,31,127.677,207.0
1861-11,30,102.0,194.0
1861-12,31,152.839,262.0
1862-01,31,119.903,173.0
1862-02,28,122.429,190.0
1862-03,31,82.677,182.0
1862-04,30,102.1,173.0
1862-05,31,122.419,184.0
1862-06,30,159.7,230.0
1862-07,31,139.452,207.0
1862-08,31,118.677,224.0
1862-09,30,126.433,241.0
1862-10,31,79.774,177.0
1862-11,30,96.033,163.0
1862-12,31,77.613,152.0
1863-01,31,91.774,196.0
1863-02,28,107.679,199.0
1863-03,31,126.0,196.0
1863-04,30,77.1,144.0
1863-05,31,102.129,142.0
1863-06,30,77.567,173.0
1863-07,31,62.032,116.0
1863-08,31,91.258,150.0
1863-09,30,41.733,82.0
1863-10,31,75.742,142.0
1863-11,30,71.6,139.0
1863-12,31,78.129,188.0
1864-01,31,109.677,224.0
1864-02,29,89.483,165.0
1864-03,31,125.935,207.0
1864-04,30,68.1,110.0
1864-05,31,77.097,139.0
1864-06,30,109.867,274.0
1864-07,31,103.839,224.0
1864-08,31,104.065,255.0
1864-09,30,54.167,101.0
1864-10,31,64.387,141.0
1864-11,30,109.333,190.0
1864-12,31,54.323,171.0
1865-01,31,92.516,215.0
1865-02,28,74.607,156.0
1865-03,31,74.968,167.0
1865-04,30,55.933,135.0
1865-05,31,65.613,129.0
1865-06,30,63.767,146.0
1865-07,31,50.806,137.0
1865-08,31,71.839,171.0
1865-09,30,41.033,91.0
1865-10,31,32.548,101.0
1865-11,30,46.667,108.0
1865-12,31,24.29,80.0
1866-01,31,60.0,97.0
1866-02,28,72.929,224.0
1866-03,31,46.581,108.0
1866-04,30,33.533,68.0
1866-05,31,24.645,51.0
1866-06,30,31.367,72.0
1866-07,31,17.645,59.0
1866-08,31,24.226,57.0
1866-09,30,13.933,55.0
1866-10,31,26.774,61.0
1866-11,30,17.167,61.0
1866-12,31,2.903,27.0
1867-01,31,0.0,0.0
1867-02,28,1.357,19.0
1867-03,31,17.419,48.0
1867-04,30,9.667,49.0
1867-05,31,5.548,36.0
1867-06,30,2.8,27.0
1867-07,31,9.452,30.0
1867-08,31,9.065,42.0
1867-09,30,18.7,65.0
1867-10,31,25.484,103.0
1867-11,30,18.133,65.0
1867-12,31,47.871,150.0
1868-01,31,25.903,100.0
1868-02,29,26.345,62.0
1868-03,31,44.032,83.0
1868-04,30,61.1,120.0
1868-05,31,44.516,102.0
1868-06,30,51.8,118.0
1868-07,31,48.323,113.0
1868-08,31,57.29,123.0
1868-09,30,78.667,137.0
1868-10,31,102.774,245.0
1868-11,30,98.667,228.0
1868-12,31,112.774,227.0
1869-01,31,101.613,185.0
1869-02,28,99.893,212.0
1869-03,31,87.968,188.0
1869-04,30,68.433,185.0
1869-05,31,173.387,272.0
1869-06,30,180.7,320.0
1869-07,31,98.806,237.0
1869-08,31,132.742,282.0
1869-09,30,134.467,262.0
1869-10,31,99.032,183.0
1869-11,30,130.233,225.0
1869-12,31,174.129,312.0
1870-01,31,128.968,202.0
1870-02,28,191.679,317.0
1870-03,31,262.677,340.0
1870-04,30,266.9,427.0
1870-05,31,293.581,412.0
1870-06,30,226.3,347.0
1870-07,31,220.935,342.0
1870-08,31,256.548,528.0
1870-09,30,226.8,463.0
1870-10,31,244.258,367.0
1870-11,30,246.033,425.0
1870-12,31,216.71,362.0
1871-01,31,147.194,222.0
1871-02,28,208.964,292.0
1871-03,31,238.742,337.0
1871-04,30,270.9,352.0
1871-05,31,242.613,327.0
1871-06,30,152.933,282.0
1871-07,31,171.806,282.0
1871-08,31,183.71,312.0
1871-09,30,133.867,238.0
1871-10,31,148.484,255.0
1871-11,30,175.667,285.0
1871-12,31,150.774,252.0
1872-01,31,132.677,225.0
1872-02,29,200.345,280.0
1872-03,31,147.484,268.0
1872-04,30,170.433,255.0
1872-05,31,179.452,282.0
1872-06,30,183.333,290.0
1872-07,31,175.968,327.0
1872-08,31,155.032,247.0
1872-09,30,191.1,272.0
1872-10,31,171.161,292.0
1872-11,30,186.8,290.0
1872-12,31,139.871,250.0
1873-01,31,144.581,268.0
1873-02,28,178.429,280.0
1873-03,31,164.032,292.0
1873-04,30,127.1,177.0
1873-05,31,79.968,200.0
1873-06,30,74.8,162.0
1873-07,31,111.677,237.0
1873-08,31,113.774,197.0
1873-09,30,78.7,137.0
1873-10,31,78.613,137.0
1873-11,30,92.467,180.0
1873-12,31,82.032,145.0
1874-01,31,101.387,182.0
1874-02,28,107.143,177.0
1874-03,31,77.516,145.0
1874-04,30,53.533,117.0
1874-05,31,74.581,150.0
1874-06,30,63.767,178.0
1874-07,31,113.226,210.0
1874-08,31,102.258,167.0
1874-09,30,46.833,120.0
1874-10,31,57.419,112.0
1874-11,30,48.2,85.0
1874-12,31,48.774,115.0
1875-01,31,24.419,82.0
1875-02,28,35.857,92.0
1875-03,31,56.387,90.0
1875-04,30,48.6,95.0
1875-05,31,19.226,67.0
1875-06,30,39.933,85.0
1875-07,31,20.903,57.0
1875-08,31,24.419,60.0
1875-09,30,3.967,32.0
1875-10,31,21.323,62.0
1875-11,30,29.567,138.0
1875-12,31,16.484,65.0
1876-01,31,23.935,87.0
1876-02,29,25.138,112.0
1876-03,31,51.065,132.0
1876-04,30,3.933,32.0
1876-05,31,8.516,30.0
1876-06,30,2.733,27.0
1876-07,31,25.548,65.0
1876-08,31,14.774,60.0
1876-09,30,16.6,48.0
1876-10,31,23.871,42.0
1876-11,30,16.567,60.0
1876-12,31,13.645,65.0
1877-01,31,40.645,93.0
1877-02,28,14.5,37.0
1877-03,31,19.871,60.0
1877-04,30,26.267,68.0
1877-05,31,36.065,60.0
1877-06,30,23.567,43.0
1877-07,31,10.032,38.0
1877-08,31,10.516,30.0
1877-09,30,28.133,52.0
1877-10,31,11.161,75.0
1877-11,30,23.633,73.0
1877-12,31,3.548,25.0
1878-01,31,5.548,30.0
1878-02,28,11.036,65.0
1878-03,31,13.065,48.0
1878-04,30,0.167,5.0
1878-05,31,9.871,72.0
1878-06,30,10.7,53.0
1878-07,31,0.226,7.0
1878-08,31,0.0,0.0
1878-09,30,8.8,27.0
1878-10,31,1.903,22.0
1878-11,30,6.8,27.0
1878-12,31,0.935,27.0
1879-01,31,1.645,23.0
1879-02,28,0.929,13.0
1879-03,31,0.0,0.0
1879-04,30,10.4,42.0
1879-05,31,4.032,27.0
1879-06,30,7.967,45.0
1879-07,31,12.581,53.0
1879-08,31,17.903,60.0
1879-09,30,10.067,27.0
1879-10,31,20.419,58.0
1879-11,30,21.867,63.0
1879-12,31,12.194,35.0
1880-01,31,40.129,85.0
1880-02,29,45.379,117.0
1880-03,31,32.097,82.0
1880-04,30,32.433,73.0
1880-05,31,39.097,83.0
1880-06,30,56.9,102.0
1880-07,31,36.548,75.0
1880-08,31,80.258,157.0
1880-09,30,110.067,183.0
1880-10,31,71.677,127.0
1880-11,30,51.133,98.0
1880-12,31,49.387,95.0
1881-01,31,60.613,130.0
1881-02,28,88.607,130.0
1881-03,31,85.774,242.0
1881-04,30,86.067,147.0
1881-05,31,72.548,142.0
1881-06,30,100.8,153.0
1881-07,31,128.161,203.0
1881-08,31,97.29,230.0
1881-09,30,88.567,183.0
1881-10,31,107.258,177.0
1881-11,30,91.467,187.0
1881-12,31,78.839,165.0
1882-01,31,74.968,108.0
1882-02,28,115.857,190.0
1882-03,31,111.484,192.0
1882-04,30,159.567,273.0
1882-05,31,106.903,208.0
1882-06,30,75.433,167.0
1882-07,31,75.677,137.0
1882-08,31,67.452,130.0
1882-09,30,96.067,185.0
1882-10,31,98.645,172.0
1882-11,30,140.567,232.0
1882-12,31,69.71,145.0
1883-01,31,101.032,165.0
1883-02,28,78.214,148.0
1883-03,31,71.323,130.0
1883-04,30,136.767,190.0
1883-05,31,52.516,100.0
1883-06,30,127.233,192.0
1883-07,31,134.355,242.0
1883-08,31,76.613,162.0
1883-09,30,87.767,183.0
1883-10,31,139.613,262.0
1883-11,30,140.8,222.0
1883-12,31,126.484,212.0
1884-01,31,152.581,277.0
1884-02,29,144.828,203.0
1884-03,31,145.774,230.0
1884-04,30,126.9,180.0
1884-05,31,110.903,175.0
1884-06,30,85.333,128.0
1884-07,31,88.452,175.0
1884-08,31,93.065,162.0
1884-09,30,103.133,163.0
1884-10,31,79.581,133.0
1884-11,30,60.933,113.0
1884-12,31,78.581,123.0
1885-01,31,71.387,142.0
1885-02,28,119.679,177.0
1885-03,31,82.935,167.0
1885-04,30,91.7,150.0
1885-05,31,121.645,192.0
1885-06,30,139.467,195.0
1885-07,31,110.871,152.0
1885-08,31,83.452,147.0
1885-09,30,66.033,125.0
1885-10,31,64.516,125.0
1885-11,30,51.567,100.0
1885-12,31,36.258,90.0
1886-01,31,49.839,132.0
1886-02,28,43.179,85.0
1886-03,31,95.484,198.0
1886-04,30,72.9,157.0
1886-05,31,51.226,117.0
1886-06,30,45.3,80.0
1886-07,31,50.387,100.0
1886-08,31,28.065,115.0
1886-09,30,35.667,77.0
1886-10,31,14.419,55.0
1886-11,30,0.567,7.0
1886-12,31,21.742,72.0
1887-01,31,17.0,40.0
1887-02,28,21.964,50.0
1887-03,31,7.065,30.0
1887-04,30,11.567,45.0
1887-05,31,33.387,82.0
1887-06,30,26.1,53.0
1887-07,31,38.903,98.0
1887-08,31,35.71,95.0
1887-09,30,12.4,40.0
1887-10,31,10.968,38.0
1887-11,30,11.5,55.0
1887-12,31,34.516,70.0
1888-01,31,21.161,60.0
1888-02,29,11.793,45.0
1888-03,31,13.065,65.0
1888-04,30,8.467,45.0
1888-05,31,11.742,42.0
1888-06,30,11.767,37.0
1888-07,31,5.032,32.0
1888-08,31,4.645,35.0
1888-09,30,14.567,35.0
1888-10,31,3.419,23.0
1888-11,30,17.867,60.0
1888-12,31,11.097,35.0
1889-01,31,1.323,25.0
1889-02,28,14.179,43.0
1889-03,31,11.129,42.0
1889-04,30,7.333,27.0
1889-05,31,3.968,23.0
1889-06,30,10.767,35.0
1889-07,31,15.774,47.0
1889-08,31,34.29,82.0
1889-09,30,10.867,30.0
1889-10,31,3.419,18.0
1889-11,30,0.3,5.0
1889-12,31,11.194,40.0
1890-01,31,8.839,33.0
1890-02,28,1.071,20.0
1890-03,31,8.484,30.0
1890-04,30,2.667,23.0
1890-05,31,7.935,40.0
1890-06,30,2.2,22.0
1890-07,31,19.323,50.0
1890-08,31,14.161,60.0
1890-09,30,28.633,70.0
1890-10,31,18.613,58.0
1890-11,30,15.933,47.0
1890-12,31,13.065,43.0
1891-01,31,22.548,77.0
1891-02,28,36.929,67.0
1891-03,31,17.194,43.0
1891-04,30,34.233,68.0
1891-05,31,68.484,127.0
1891-06,30,80.433,140.0
1891-07,31,98.0,187.0
1891-08,31,55.065,110.0
1891-09,30,89.733,200.0
1891-10,31,86.0,152.0
1891-11,30,69.833,123.0
1891-12,31,54.258,115.0
1892-01,31,115.226,192.0
1892-02,29,126.069,220.0
1892-03,31,83.258,163.0
1892-04,30,116.033,277.0
1892-05,31,132.71,222.0
1892-06,30,127.3,205.0
1892-07,31,127.581,205.0
1892-08,31,169.0,240.0
1892-09,30,104.667,173.0
1892-10,31,117.484,223.0
1892-11,30,108.9,183.0
1892-12,31,131.032,260.0
1893-01,31,125.0,250.0
1893-02,28,121.643,190.0
1893-03,31,109.548,205.0
1893-04,30,146.8,248.0
1893-05,31,141.29,235.0
1893-06,30,149.833,263.0
1893-07,31,147.581,328.0
1893-08,31,215.355,395.0
1893-09,30,129.867,178.0
1893-10,31,133.258,207.0
1893-11,30,125.2,232.0
1893-12,31,156.355,303.0
1894-01,31,138.613,237.0
1894-02,28,141.036,223.0
1894-03,31,87.097,177.0
1894-04,30,136.033,200.0
1894-05,31,168.677,310.0
1894-06,30,164.8,262.0
1894-07,31,176.677,262.0
1894-08,31,117.097,187.0
1894-09,30,110.0,203.0
1894-10,31,125.677,247.0
1894-11,30,94.3,160.0
1894-12,31,100.129,183.0
1895-01,31,105.419,222.0
1895-02,28,112.0,200.0
1895-03,31,101.613,172.0
1895-04,30,128.2,230.0
1895-05,31,112.452,258.0
1895-06,30,119.133,192.0
1895-07,31,79.677,162.0
1895-08,31,114.935,233.0
1895-09,30,96.133,192.0
1895-10,31,113.161,237.0
1895-11,30,78.633,183.0
1895-12,31,117.871,187.0
1896-01,31,48.355,92.0
1896-02,29,95.69,202.0
1896-03,31,86.484,183.0
1896-04,30,73.0,188.0
1896-05,31,46.097,112.0
1896-06,30,81.7,148.0
1896-07,31,75.161,138.0
1896-08,31,45.419,100.0
1896-09,30,102.2,195.0
1896-10,31,47.871,115.0
1896-11,30,63.333,155.0
1896-12,31,71.0,108.0
1897-01,31,67.645,108.0
1897-02,28,48.964,125.0
1897-03,31,48.677,92.0
1897-04,30,51.667,142.0
1897-05,31,33.258,93.0
1897-06,30,18.933,45.0
1897-07,31,46.065,68.0
1897-08,31,36.355,73.0
1897-09,30,80.367,157.0
1897-10,31,23.903,70.0
1897-11,30,14.0,53.0
1897-12,31,55.452,110.0
1898-01,31,50.355,108.0
1898-02,28,60.679,152.0
1898-03,31,63.871,162.0
1898-04,30,24.2,67.0
1898-05,31,43.0,80.0
1898-06,30,37.133,73.0
1898-07,31,15.032,87.0
1898-08,31,52.29,108.0
1898-09,30,58.067,117.0
1898-10,31,57.129,115.0
1898-11,30,51.6,118.0
1898-12,31,21.065,48.0
1899-01,31,32.387,97.0
1899-02,28,15.321,48.0
1899-03,31,30.258,87.0
1899-04,30,23.633,48.0
1899-05,31,12.903,42.0
1899-06,30,34.133,78.0
1899-07,31,22.548,48.0
1899-08,31,4.903,33.0
1899-09,30,14.0,62.0
1899-10,31,21.71,113.0
1899-11,30,13.033,42.0
1899-12,31,17.581,53.0
1900-01,31,15.677,52.0
1900-02,28,22.821,87.0
1900-03,31,14.355,62.0
1900-04,30,26.767,113.0
1900-05,31,25.323,87.0
1900-06,30,20.133,65.0
1900-07,31,13.935,50.0
1900-08,31,7.129,43.0
1900-09,30,13.867,48.0
1900-10,31,21.613,60.0
1900-11,30,7.533,32.0
1900-12,31,0.484,12.0
1901-01,31,0.387,12.0
1901-02,28,4.036,23.0
1901-03,31,7.387,40.0
1901-04,30,0.0,0.0
1901-05,31,17.0,65.0
1901-06,30,9.667,37.0
1901-07,31,1.161,12.0
1901-08,31,1.71,17.0
1901-09,30,0.933,15.0
1901-10,31,6.258,33.0
1901-11,30,6.4,18.0
1901-12,31,0.0,0.0
1902-01,31,9.29,42.0
1902-02,28,0.0,0.0
1902-03,31,20.677,93.0
1902-04,30,0.0,0.0
1902-05,31,4.677,17.0
1902-06,30,2.4,23.0
1902-07,31,1.516,22.0
1902-08,31,3.774,18.0
1902-09,30,12.633,50.0
1902-10,31,27.194,65.0
1902-11,30,17.167,67.0
1902-12,31,1.806,22.0
1903-01,31,13.871,42.0
1903-02,28,28.429,53.0
1903-03,31,22.484,90.0
1903-04,30,43.533,135.0
1903-05,31,24.323,108.0
1903-06,30,27.2,97.0
1903-07,31,46.355,98.0
1903-08,31,48.0,145.0
1903-09,30,18.5,63.0
1903-10,31,64.774,173.0
1903-11,30,74.233,188.0
1903-12,31,76.161,167.0
1904-01,31,52.613,123.0
1904-02,29,40.793,82.0
1904-03,31,61.935,115.0
1904-04,30,71.633,128.0
1904-05,31,65.742,107.0
1904-06,30,69.8,142.0
1904-07,31,84.258,155.0
1904-08,31,97.097,207.0
1904-09,30,50.167,118.0
1904-10,31,90.355,158.0
1904-11,30,63.367,115.0
1904-12,31,91.097,202.0
1905-01,31,91.194,163.0
1905-02,28,143.0,265.0
1905-03,31,94.258,212.0
1905-04,30,65.5,98.0
1905-05,31,79.935,145.0
1905-06,30,81.567,120.0
1905-07,31,121.645,247.0
1905-08,31,98.129,170.0
1905-09,30,91.767,143.0
1905-10,31,131.161,237.0
1905-11,30,178.667,303.0
1905-12,31,92.548,143.0
1906-01,31,75.806,168.0
1906-02,28,52.25,110.0
1906-03,31,107.419,242.0
1906-04,30,92.167,198.0
1906-05,31,96.226,182.0
1906-06,30,105.267,298.0
1906-07,31,172.677,233.0
1906-08,31,79.581,177.0
1906-09,30,93.467,142.0
1906-10,31,29.742,85.0
1906-11,30,64.833,150.0
1906-12,31,107.968,192.0
1907-01,31,127.355,197.0
1907-02,28,180.25,288.0
1907-03,31,101.129,198.0
1907-04,30,87.6,178.0
1907-05,31,71.419,140.0
1907-06,30,67.167,163.0
1907-07,31,82.871,172.0
1907-08,31,90.452,128.0
1907-09,30,141.667,193.0
1907-10,31,109.065,182.0
1907-11,30,102.467,227.0
1907-12,31,78.903,150.0
1908-01,31,65.355,127.0
1908-02,29,56.621,102.0
1908-03,31,47.871,92.0
1908-04,30,96.067,182.0
1908-05,31,68.032,137.0
1908-06,30,80.167,193.0
1908-07,31,65.806,155.0
1908-08,31,150.935,248.0
1908-09,30,144.9,267.0
1908-10,31,53.935,157.0
1908-11,30,75.867,153.0
1908-12,31,65.935,140.0
1909-01,31,94.645,225.0
1909-02,28,77.607,178.0
1909-03,31,110.516,228.0
1909-04,30,53.7,118.0
1909-05,31,59.968,108.0
1909-06,30,37.767,83.0
1909-07,31,59.645,173.0
1909-08,31,38.516,73.0
1909-09,30,64.7,120.0
1909-10,31,97.355,193.0
1909-11,30,92.967,182.0
1909-12,31,90.226,202.0
1910-01,31,44.032,92.0
1910-02,28,52.5,143.0
1910-03,31,35.71,70.0
1910-04,30,14.067,50.0
1910-05,31,36.935,83.0
1910-06,30,20.467,57.0
1910-07,31,23.548,60.0
1910-08,31,19.258,50.0
1910-09,30,43.733,152.0
1910-10,31,63.871,163.0
1910-11,30,8.267,37.0
1910-12,31,9.613,28.0
1911-01,31,5.581,20.0
1911-02,28,15.036,40.0
1911-03,31,13.0,48.0
1911-04,30,27.633,72.0
1911-05,31,15.129,42.0
1911-06,30,3.733,25.0
1911-07,31,5.935,28.0
1911-08,31,6.742,27.0
1911-09,30,6.667,33.0
1911-10,31,4.452,28.0
1911-11,30,6.967,22.0
1911-12,31,3.71,20.0
1912-01,31,0.419,13.0
1912-02,29,0.0,0.0
1912-03,31,8.226,28.0
1912-04,30,7.567,37.0
1912-05,31,7.419,22.0
1912-06,30,6.933,23.0
1912-07,31,4.903,23.0
1912-08,31,0.484,15.0
1912-09,30,15.933,37.0
1912-10,31,7.645,38.0
1912-11,30,1.9,23.0
1912-12,31,10.645,50.0
1913-01,31,3.774,17.0
1913-02,28,4.786,20.0
1913-03,31,0.774,12.0
1913-04,30,1.567,18.0
1913-05,31,0.0,0.0
1913-06,30,0.0,0.0
1913-07,31,2.903,22.0
1913-08,31,0.387,12.0
1913-09,30,1.967,22.0
1913-10,31,5.194,20.0
1913-11,30,1.167,13.0
1913-12,31,6.323,37.0
1914-01,31,4.71,42.0
1914-02,28,4.429,30.0
1914-03,31,5.258,30.0
1914-04,30,28.9,82.0
1914-05,31,8.742,48.0
1914-06,30,19.067,80.0
1914-07,31,9.065,28.0
1914-08,31,12.903,43.0
1914-09,30,21.233,80.0
1914-10,31,13.677,50.0
1914-11,30,27.3,57.0
1914-12,31,37.258,92.0
1915-01,31,38.484,78.0
1915-02,28,70.357,153.0
1915-03,31,64.774,128.0
1915-04,30,68.867,157.0
1915-05,31,55.097,173.0
1915-06,30,114.733,295.0
1915-07,31,119.419,240.0
1915-08,31,116.032,208.0
1915-09,30,82.433,157.0
1915-10,31,89.129,190.0
1915-11,30,70.933,137.0
1915-12,31,57.484,110.0
1916-01,31,75.516,168.0
1916-02,29,92.379,163.0
1916-03,31,111.677,183.0
1916-04,30,119.767,240.0
1916-05,31,123.968,260.0
1916-06,30,112.9,303.0
1916-07,31,89.323,228.0
1916-08,31,58.581,150.0
1916-09,30,75.067,153.0
1916-10,31,84.548,222.0
1916-11,30,109.467,203.0
1916-12,31,88.258,172.0
1917-01,31,124.548,207.0
1917-02,28,119.857,207.0
1917-03,31,158.0,220.0
1917-04,30,124.6,267.0
1917-05,31,190.226,283.0
1917-06,30,191.433,272.0
1917-07,31,199.742,363.0
1917-08,31,257.71,447.0
1917-09,30,215.567,348.0
1917-10,31,120.323,228.0
1917-11,30,160.733,270.0
1917-12,31,215.516,345.0
1918-01,31,159.968,230.0
1918-02,28,108.714,192.0
1918-03,31,120.419,227.0
1918-04,30,134.133,215.0
1918-05,31,127.871,232.0
1918-06,30,99.0,288.0
1918-07,31,179.452,258.0
1918-08,31,169.645,237.0
1918-09,30,133.2,242.0
1918-10,31,141.71,248.0
1918-11,30,138.967,355.0
1918-12,31,98.548,198.0
1919-01,31,80.161,183.0
1919-02,28,132.464,283.0
1919-03,31,110.871,210.0
1919-04,30,86.333,147.0
1919-05,31,146.871,267.0
1919-06,30,185.267,255.0
1919-07,31,107.839,213.0
1919-08,31,115.065,192.0
1919-09,30,91.133,148.0
1919-10,31,87.968,193.0
1919-11,30,69.9,177.0
1919-12,31,58.0,128.0
1920-01,31,85.258,217.0
1920-02,29,89.828,160.0
1920-03,31,116.903,282.0
1920-04,30,24.667,47.0
1920-05,31,55.419,108.0
1920-06,30,64.567,93.0
1920-07,31,45.71,77.0
1920-08,31,31.935,88.0
1920-09,30,60.533,142.0
1920-10,31,82.71,128.0
1920-11,30,45.3,95.0
1920-12,31,49.839,120.0
1921-01,31,52.548,130.0
1921-02,28,47.143,80.0
1921-03,31,44.484,92.0
1921-04,30,53.967,100.0
1921-05,31,37.0,118.0
1921-06,30,56.167,142.0
1921-07,31,69.742,182.0
1921-08,31,37.968,137.0
1921-09,30,29.6,62.0
1921-10,31,30.323,107.0
1921-11,30,29.6,92.0
1921-12,31,33.903,102.0
1922-01,31,19.742,47.0
1922-02,28,43.929,138.0
1922-03,31,91.258,212.0
1922-04,30,18.333,65.0
1922-05,31,13.355,63.0
1922-06,30,9.8,38.0
1922-07,31,18.29,50.0
1922-08,31,10.935,40.0
1922-09,30,7.8,23.0
1922-10,31,10.355,35.0
1922-11,30,12.233,25.0
1922-12,31,29.032,80.0
1923-01,31,7.548,53.0
1923-02,28,2.5,18.0
1923-03,31,5.484,27.0
1923-04,30,10.233,23.0
1923-05,31,5.323,18.0
1923-06,30,15.267,63.0
1923-07,31,5.935,30.0
1923-08,31,0.806,13.0
1923-09,30,22.133,55.0
1923-10,31,19.484,53.0
1923-11,30,16.733,48.0
1923-12,31,4.645,27.0
1924-01,31,0.806,13.0
1924-02,29,8.483,53.0
1924-03,31,3.0,25.0
1924-04,30,18.933,72.0
1924-05,31,34.613,83.0
1924-06,30,39.967,103.0
1924-07,31,46.935,92.0
1924-08,31,32.129,93.0
1924-09,30,41.9,98.0
1924-10,31,42.613,75.0
1924-11,30,37.5,117.0
1924-12,31,27.484,80.0
1925-01,31,9.097,43.0
1925-02,28,38.607,118.0
1925-03,31,29.968,72.0
1925-04,30,52.967,112.0
1925-05,31,71.355,138.0
1925-06,30,79.067,197.0
1925-07,31,64.194,110.0
1925-08,31,63.258,153.0
1925-09,30,100.3,143.0
1925-10,31,115.323,208.0
1925-11,30,97.6,227.0
1925-12,31,164.387,262.0
1926-01,31,119.71,207.0
1926-02,28,116.429,270.0
1926-03,31,104.194,198.0
1926-04,30,64.167,125.0
1926-05,31,107.0,170.0
1926-06,30,122.367,185.0
1926-07,31,87.226,208.0
1926-08,31,102.71,168.0
1926-09,30,101.433,187.0
1926-10,31,119.258,252.0
1926-11,30,100.833,188.0
1926-12,31,132.387,193.0
1927-01,31,136.0,248.0
1927-02,28,155.071,288.0
1927-03,31,116.065,245.0
1927-04,30,155.833,272.0
1927-05,31,131.903,238.0
1927-06,30,98.5,193.0
1927-07,31,91.581,200.0
1927-08,31,89.645,162.0
1927-09,30,114.067,257.0
1927-10,31,105.194,192.0
1927-11,30,112.1,188.0
1927-12,31,75.29,147.0
1928-01,31,139.226,227.0
1928-02,29,122.448,218.0
1928-03,31,142.419,235.0
1928-04,30,134.333,242.0
1928-05,31,128.258,263.0
1928-06,30,152.4,272.0
1928-07,31,163.387,235.0
1928-08,31,139.581,193.0
1928-09,30,149.567,283.0
1928-10,31,102.258,153.0
1928-11,30,83.933,150.0
1928-12,31,98.323,187.0
1929-01,31,114.774,188.0
1929-02,28,104.679,202.0
1929-03,31,83.774,172.0
1929-04,30,87.933,127.0
1929-05,31,97.0,157.0
1929-06,30,119.867,183.0
1929-07,31,117.129,167.0
1929-08,31,109.613,220.0
1929-09,30,57.267,100.0
1929-10,31,90.097,162.0
1929-11,30,135.133,243.0
1929-12,31,179.935,242.0
1930-01,31,108.839,225.0
1930-02,28,83.143,195.0
1930-03,31,58.387,92.0
1930-04,30,63.7,108.0
1930-05,31,61.387,112.0
1930-06,30,48.0,117.0
1930-07,31,36.548,65.0
1930-08,31,41.516,88.0
1930-09,30,53.533,122.0
1930-10,31,57.226,105.0
1930-11,30,59.367,127.0
1930-12,31,43.0,90.0
1931-01,31,24.419,72.0
1931-02,28,71.821,167.0
1931-03,31,50.065,85.0
1931-04,30,51.967,77.0
1931-05,31,40.806,62.0
1931-06,30,25.5,78.0
1931-07,31,29.0,80.0
1931-08,31,21.613,60.0
1931-09,30,31.7,57.0
1931-10,31,16.581,42.0
1931-11,30,31.2,73.0
1931-12,31,29.677,63.0
1932-01,31,20.065,73.0
1932-02,29,17.621,65.0
1932-03,31,18.806,77.0
1932-04,30,18.667,57.0
1932-05,31,29.742,68.0
1932-06,30,36.933,67.0
1932-07,31,16.032,57.0
1932-08,31,11.323,43.0
1932-09,30,6.6,32.0
1932-10,31,14.774,48.0
1932-11,30,13.7,52.0
1932-12,31,18.452,38.0
1933-01,31,20.387,70.0
1933-02,28,36.893,112.0
1933-03,31,16.839,48.0
1933-04,30,4.9,33.0
1933-05,31,5.258,28.0
1933-06,30,8.667,32.0
1933-07,31,4.71,30.0
1933-08,31,0.387,12.0
1933-09,30,8.5,32.0
1933-10,31,5.0,33.0
1933-11,30,1.0,17.0
1933-12,31,0.419,13.0
1934-01,31,5.677,27.0
1934-02,28,12.929,32.0
1934-03,31,7.194,37.0
1934-04,30,18.8,55.0
1934-05,31,32.903,77.0
1934-06,30,11.167,52.0
1934-07,31,15.323,42.0
1934-08,31,13.903,45.0
1934-09,30,6.7,35.0
1934-10,31,9.548,27.0
1934-11,30,14.467,58.0
1934-12,31,25.677,78.0
1935-01,31,31.097,57.0
1935-02,28,34.143,80.0
1935-03,31,38.484,120.0
1935-04,30,20.367,62.0
1935-05,31,45.387,103.0
1935-06,30,76.167,123.0
1935-07,31,56.484,103.0
1935-08,31,50.226,92.0
1935-09,30,70.1,133.0
1935-10,31,88.742,158.0
1935-11,30,107.0,185.0
1935-12,31,102.452,142.0
1936-01,31,104.677,178.0
1936-02,29,123.897,185.0
1936-03,31,128.419,187.0
1936-04,30,124.8,167.0
1936-05,31,90.935,142.0
1936-06,30,116.7,198.0
1936-07,31,87.161,155.0
1936-08,31,144.968,205.0
1936-09,30,126.667,213.0
1936-10,31,148.226,230.0
1936-11,30,192.3,363.0
1936-12,31,205.613,342.0
1937-01,31,220.871,388.0
1937-02,28,214.071,373.0
1937-03,31,139.742,257.0
1937-04,30,182.167,317.0
1937-05,31,194.387,355.0
1937-06,30,217.133,332.0
1937-07,31,241.806,372.0
1937-08,31,229.484,345.0
1937-09,30,167.867,213.0
1937-10,31,208.161,357.0
1937-11,30,123.933,192.0
1937-12,31,147.935,258.0
1938-01,31,163.968,248.0
1938-02,28,198.643,342.0
1938-03,31,144.161,268.0
1938-04,30,168.367,240.0
1938-05,31,212.29,287.0
1938-06,30,162.633,232.0
1938-07,31,275.613,382.0
1938-08,31,192.806,288.0
1938-09,30,149.333,250.0
1938-10,31,165.258,265.0
1938-11,30,203.6,293.0
1938-12,31,154.742,257.0
1939-01,31,133.871,223.0
1939-02,28,129.0,187.0
1939-03,31,107.774,222.0
1939-04,30,181.9,253.0
1939-05,31,197.323,287.0
1939-06,30,168.3,228.0
1939-07,31,162.645,278.0
1939-08,31,176.323,283.0
1939-09,30,187.7,280.0
1939-10,31,146.903,240.0
1939-11,30,113.667,185.0
1939-12,31,70.161,103.0
1940-01,31,84.097,147.0
1940-02,29,99.069,158.0
1940-03,31,138.871,227.0
1940-04,30,101.067,157.0
1940-05,31,90.613,155.0
1940-06,30,139.8,227.0
1940-07,31,112.484,210.0
1940-08,31,175.871,270.0
1940-09,30,110.767,217.0
1940-10,31,91.548,128.0
1940-11,30,97.4,167.0
1940-12,31,113.774,263.0
1941-01,31,76.129,148.0
1941-02,28,74.286,142.0
1941-03,31,77.452,127.0
1941-04,30,54.567,98.0
1941-05,31,49.032,97.0
1941-06,30,99.633,197.0
1941-07,31,111.419,222.0
1941-08,31,100.129,178.0
1941-09,30,109.8,247.0
1941-10,31,77.194,110.0
1941-11,30,64.0,140.0
1941-12,31,56.194,117.0
1942-01,31,59.484,138.0
1942-02,28,87.929,155.0
1942-03,31,90.387,212.0
1942-04,30,101.233,182.0
1942-05,31,41.774,90.0
1942-06,30,18.9,52.0
1942-07,31,29.613,83.0
1942-08,31,33.742,78.0
1942-09,30,28.667,55.0
1942-10,31,32.0,85.0
1942-11,30,51.267,110.0
1942-12,31,37.613,102.0
1943-01,31,20.742,45.0
1943-02,28,48.107,105.0
1943-03,31,45.742,88.0
1943-04,30,43.533,75.0
1943-05,31,23.581,78.0
1943-06,30,12.733,32.0
1943-07,31,22.0,57.0
1943-08,31,32.323,88.0
1943-09,30,16.733,52.0
1943-10,31,12.968,32.0
1943-11,30,17.033,42.0
1943-12,31,31.355,80.0
1944-01,31,6.097,32.0
1944-02,29,0.828,12.0
1944-03,31,18.258,60.0
1944-04,30,0.433,13.0
1944-05,31,4.097,38.0
1944-06,30,8.233,23.0
1944-07,31,8.452,23.0
1944-08,31,27.903,57.0
1944-09,30,23.733,47.0
1944-10,31,28.065,77.0
1944-11,30,17.933,40.0
1944-12,31,47.355,93.0
1945-01,31,30.774,68.0
1945-02,28,21.214,48.0
1945-03,31,35.871,105.0
1945-04,30,53.367,118.0
1945-05,31,51.0,103.0
1945-06,30,60.233,117.0
1945-07,31,71.0,175.0
1945-08,31,43.097,118.0
1945-09,30,58.133,140.0
1945-10,31,114.548,163.0
1945-11,30,76.6,110.0
1945-12,31,45.71,80.0
1946-01,31,79.323,182.0
1946-02,28,143.786,202.0
1946-03,31,127.742,182.0
1946-04,30,126.133,200.0
1946-05,31,141.613,272.0
1946-06,30,122.567,187.0
1946-07,31,193.677,290.0
1946-08,31,178.677,257.0
1946-09,30,157.4,253.0
1946-10,31,170.548,240.0
1946-11,30,206.267,282.0
1946-12,31,202.871,275.0
1947-01,31,163.71,282.0
1947-02,28,188.893,302.0
1947-03,31,183.839,300.0
1947-04,30,212.133,320.0
1947-05,31,285.032,457.0
1947-06,30,232.133,382.0
1947-07,31,223.548,297.0
1947-08,31,267.355,440.0
1947-09,30,239.867,385.0
1947-10,31,231.677,389.0
1947-11,30,181.3,273.0
1947-12,31,164.903,241.0
1948-01,31,153.613,194.0
1948-02,29,122.0,171.0
1948-03,31,134.258,235.0
1948-04,30,268.533,347.0
1948-05,31,246.387,435.0
1948-06,30,237.5,306.0
1948-07,31,201.355,300.0
1948-08,31,223.677,309.0
1948-09,30,202.933,336.0
1948-10,31,192.935,314.0
1948-11,30,135.633,208.0
1948-12,31,195.29,313.0
1949-01,31,168.613,251.0
1949-02,28,258.036,317.0
1949-03,31,223.032,313.0
1949-04,30,208.133,262.0
1949-05,31,150.355,200.0
1949-06,30,172.367,317.0
1949-07,31,178.258,278.0
1949-08,31,175.323,269.0
1949-09,30,205.833,290.0
1949-10,31,186.29,314.0
1949-11,30,203.2,266.0
1949-12,31,166.581,241.0
1950-01,31,143.871,231.0
1950-02,28,134.25,279.0
1950-03,31,155.387,265.0
1950-04,30,160.633,227.0
1950-05,31,150.452,229.0
1950-06,30,118.333,181.0
1950-07,31,128.871,184.0
1950-08,31,120.645,163.0
1950-09,30,72.667,123.0
1950-10,31,86.968,152.0
1950-11,30,77.7,133.0
1950-12,31,76.677,163.0
1951-01,31,85.0,184.0
1951-02,28,84.821,137.0
1951-03,31,79.323,156.0
1951-04,30,131.7,212.0
1951-05,31,153.677,324.0
1951-06,30,142.4,231.0
1951-07,31,87.161,159.0
1951-08,31,86.452,187.0
1951-09,30,117.667,183.0
1951-10,31,73.258,135.0
1951-11,30,74.2,108.0
1951-12,31,64.968,150.0
1952-01,31,57.871,102.0
1952-02,29,32.448,76.0
1952-03,31,31.548,106.0
1952-04,30,41.7,88.0
1952-05,31,33.613,81.0
1952-06,30,52.0,108.0
1952-07,31,56.065,132.0
1952-08,31,77.774,127.0
1952-09,30,40.433,126.0
1952-10,31,34.194,59.0
1952-11,30,31.833,67.0
1952-12,31,48.871,101.0
1953-01,31,37.871,88.0
1953-02,28,5.893,21.0
1953-03,31,14.677,71.0
1953-04,30,39.6,93.0
1953-05,31,18.29,65.0
1953-06,30,31.5,72.0
1953-07,31,12.71,54.0
1953-08,31,33.645,109.0
1953-09,30,27.967,59.0
1953-10,31,12.29,41.0
1953-11,30,2.5,18.0
1953-12,31,3.935,17.0
1954-01,31,0.355,11.0
1954-02,28,0.786,11.0
1954-03,31,15.806,59.0
1954-04,30,2.667,22.0
1954-05,31,1.194,14.0
1954-06,30,0.367,11.0
1954-07,31,7.258,22.0
1954-08,31,12.613,33.0
1954-09,30,2.3,14.0
1954-10,31,10.452,35.0
1954-11,30,13.4,58.0
1954-12,31,11.258,41.0
1955-01,31,33.419,76.0
1955-02,28,29.893,48.0
1955-03,31,7.29,33.0
1955-04,30,16.433,51.0
1955-05,31,41.29,75.0
1955-06,30,45.167,92.0
1955-07,31,38.194,85.0
1955-08,31,58.032,123.0
1955-09,30,60.8,126.0
1955-10,31,83.0,176.0
1955-11,30,126.267,215.0
1955-12,31,108.839,149.0
1956-01,31,104.129,184.0
1956-02,29,175.621,382.0
1956-03,31,167.677,215.0
1956-04,30,156.733,252.0
1956-05,31,193.387,263.0
1956-06,30,165.067,236.0
1956-07,31,182.742,306.0
1956-08,31,240.194,336.0
1956-09,30,245.433,360.0
1956-10,31,219.935,269.0
1956-11,30,285.033,442.0
1956-12,31,272.0,324.0
1957-01,31,233.677,357.0
1957-02,28,184.464,222.0
1957-03,31,222.806,323.0
1957-04,30,248.033,355.0
1957-05,31,233.0,303.0
1957-06,30,284.333,388.0
1957-07,31,265.097,375.0
1957-08,31,223.71,370.0
1957-09,30,334.0,473.0
1957-10,31,359.387,473.0
1957-11,30,298.633,377.0
1957-12,31,339.0,503.0
1958-01,31,286.677,412.0
1958-02,28,233.607,279.0
1958-03,31,270.0,484.0
1958-04,30,277.567,413.0
1958-05,31,248.226,381.0
1958-06,30,242.867,293.0
1958-07,31,270.968,379.0
1958-08,31,283.516,371.0
1958-09,30,285.067,378.0
1958-10,31,256.903,344.0
1958-11,30,215.6,368.0
1958-12,31,265.677,365.0
1959-01,31,307.71,394.0
1959-02,28,202.607,269.0
1959-03,31,262.968,351.0
1959-04,30,231.3,344.0
1959-05,31,243.581,406.0
1959-06,30,238.9,272.0
1959-07,31,211.871,276.0
1959-08,31,282.581,426.0
1959-09,30,205.567,411.0
1959-10,31,157.742,202.0
1959-11,30,175.633,248.0
1959-12,31,177.097,241.0
1960-01,31,207.161,296.0
1960-02,29,149.931,256.0
1960-03,31,144.645,214.0
1960-04,30,172.7,229.0
1960-05,31,169.323,211.0
1960-06,30,156.0,234.0
1960-07,31,172.419,287.0
1960-08,31,189.968,364.0
1960-09,30,180.133,268.0
1960-10,31,117.258,198.0
1960-11,30,126.933,194.0
1960-12,31,121.161,167.0
1961-01,31,82.129,205.0
1961-02,28,65.393,106.0
1961-03,31,75.161,137.0
1961-04,30,86.867,140.0
1961-05,31,72.258,144.0
1961-06,30,109.5,181.0
1961-07,31,99.323,160.0
1961-08,31,79.226,154.0
1961-09,30,90.067,161.0
1961-10,31,53.71,108.0
1961-11,30,46.467,108.0
1961-12,31,56.871,133.0
1962-01,31,55.129,130.0
1962-02,28,71.679,176.0
1962-03,31,64.871,133.0
1962-04,30,65.867,127.0
1962-05,31,61.935,89.0
1962-06,30,59.567,99.0
1962-07,31,31.419,76.0
1962-08,31,31.452,76.0
1962-09,30,72.7,125.0
1962-10,31,56.097,102.0
1962-11,30,38.8,116.0
1962-12,31,33.226,69.0
1963-01,31,28.71,62.0
1963-02,28,35.179,75.0
1963-03,31,24.839,50.0
1963-04,30,41.733,89.0
1963-05,31,61.097,110.0
1963-06,30,51.233,123.0
1963-07,31,28.677,92.0
1963-08,31,47.452,96.0
1963-09,30,55.233,120.0
1963-10,31,50.129,82.0
1963-11,30,33.667,74.0
1963-12,31,21.645,45.0
1964-01,31,22.613,39.0
1964-02,29,25.276,76.0
1964-03,31,24.065,57.0
1964-04,30,12.867,33.0
1964-05,31,14.29,33.0
1964-06,30,13.533,35.0
1964-07,31,4.774,18.0
1964-08,31,13.774,51.0
1964-09,30,7.0,29.0
1964-10,31,9.161,29.0
1964-11,30,11.1,31.0
1964-12,31,22.065,54.0
1965-01,31,25.387,48.0
1965-02,28,20.786,36.0
1965-03,31,17.452,37.0
1965-04,30,10.167,39.0
1965-05,31,34.548,106.0
1965-06,30,23.267,54.0
1965-07,31,17.323,50.0
1965-08,31,13.29,44.0
1965-09,30,24.467,71.0
1965-10,31,29.129,89.0
1965-11,30,22.833,65.0
1965-12,31,24.677,91.0
1966-01,31,40.323,96.0
1966-02,28,35.286,78.0
1966-03,31,36.355,85.0
1966-04,30,69.0,105.0
1966-05,31,64.226,113.0
1966-06,30,67.667,116.0
1966-07,31,80.226,108.0
1966-08,31,72.645,135.0
1966-09,30,71.1,126.0
1966-10,31,81.161,136.0
1966-11,30,80.967,113.0
1966-12,31,99.774,184.0
1967-01,31,157.032,215.0
1967-02,28,132.607,263.0
1967-03,31,158.323,270.0
1967-04,30,98.433,153.0
1967-05,31,122.516,279.0
1967-06,30,95.4,195.0
1967-07,31,129.452,234.0
1967-08,31,151.774,197.0
1967-09,30,108.7,177.0
1967-10,31,124.968,221.0
1967-11,30,133.6,190.0
1967-12,31,178.968,244.0
1968-01,31,172.452,296.0
1968-02,29,158.483,299.0
1968-03,31,130.548,218.0
1968-04,30,115.0,173.0
1968-05,31,180.0,234.0
1968-06,30,156.167,197.0
1968-07,31,136.194,215.0
1968-08,31,154.839,244.0
1968-09,30,165.967,265.0
1968-10,31,152.548,197.0
1968-11,30,121.7,157.0
1968-12,31,155.484,210.0
1969-01,31,147.774,219.0
1969-02,28,170.536,304.0
1969-03,31,192.29,293.0
1969-04,30,151.133,221.0
1969-05,31,169.903,290.0
1969-06,30,150.067,276.0
1969-07,31,137.129,236.0
1969-08,31,138.774,258.0
1969-09,30,129.3,180.0
1969-10,31,135.387,205.0
1969-11,30,132.4,187.0
1969-12,31,138.645,215.0
1970-01,31,157.871,238.0
1970-02,28,180.821,248.0
1970-03,31,145.742,201.0
1970-04,30,155.067,266.0
1970-05,31,180.484,249.0
1970-06,30,151.3,238.0
1970-07,31,159.29,234.0
1970-08,31,131.677,170.0
1970-09,30,140.833,193.0
1970-10,31,122.645,201.0
1970-11,30,134.8,191.0
1970-12,31,118.194,170.0
1971-01,31,129.226,185.0
1971-02,28,111.821,147.0
1971-03,31,85.935,132.0
1971-04,30,101.633,177.0
1971-05,31,81.516,110.0
1971-06,30,70.667,159.0
1971-07,31,114.71,164.0
1971-08,31,87.0,153.0
1971-09,30,71.267,120.0
1971-10,31,73.355,123.0
1971-11,30,89.467,150.0
1971-12,31,116.452,166.0
1972-01,31,87.0,171.0
1972-02,29,125.276,224.0
1972-03,31,113.516,161.0
1972-04,30,89.633,125.0
1972-05,31,113.903,198.0
1972-06,30,124.7,197.0
1972-07,31,108.258,163.0
1972-08,31,108.871,208.0
1972-09,30,90.667,180.0
1972-10,31,86.935,157.0
1972-11,30,59.233,112.0
1972-12,31,64.29,101.0
1973-01,31,61.774,118.0
1973-02,28,60.857,120.0
1973-03,31,65.355,132.0
1973-04,30,81.8,132.0
1973-05,31,60.258,130.0
1973-06,30,56.133,106.0
1973-07,31,33.226,81.0
1973-08,31,36.613,116.0
1973-09,30,84.067,184.0
1973-10,31,43.742,96.0
1973-11,30,34.3,91.0
1973-12,31,33.323,81.0
1974-01,31,39.355,103.0
1974-02,28,37.25,69.0
1974-03,31,30.903,55.0
1974-04,30,57.467,123.0
1974-05,31,56.29,144.0
1974-06,30,51.467,102.0
1974-07,31,79.129,135.0
1974-08,31,47.903,98.0
1974-09,30,57.167,113.0
1974-10,31,67.161,161.0
1974-11,30,35.9,64.0
1974-12,31,29.613,61.0
1975-01,31,27.323,52.0
1975-02,28,16.679,48.0
1975-03,31,16.871,43.0
1975-04,30,7.667,32.0
1975-05,31,13.065,48.0
1975-06,30,16.733,54.0
1975-07,31,40.387,65.0
1975-08,31,56.742,147.0
1975-09,30,20.333,43.0
1975-10,31,13.581,37.0
1975-11,30,27.9,51.0
1975-12,31,11.581,33.0
1976-01,31,11.871,48.0
1976-02,29,6.448,26.0
1976-03,31,31.452,68.0
1976-04,30,27.333,52.0
1976-05,31,18.226,43.0
1976-06,30,17.933,44.0
1976-07,31,2.935,15.0
1976-08,31,24.097,44.0
1976-09,30,19.967,43.0
1976-10,31,29.742,44.0
1976-11,30,7.867,29.0
1976-12,31,22.323,51.0
1977-01,31,23.806,50.0
1977-02,28,33.25,96.0
1977-03,31,13.0,29.0
1977-04,30,18.967,45.0
1977-05,31,27.0,57.0
1977-06,30,54.9,105.0
1977-07,31,30.613,64.0
1977-08,31,43.0,59.0
1977-09,30,62.367,91.0
1977-10,31,62.065,81.0
1977-11,30,41.567,76.0
1977-12,31,61.387,106.0
1978-01,31,73.677,167.0
1978-02,28,132.571,201.0
1978-03,31,108.355,144.0
1978-04,30,141.233,193.0
1978-05,31,117.065,160.0
1978-06,30,134.633,224.0
1978-07,31,99.677,180.0
1978-08,31,82.419,142.0
1978-09,30,195.667,251.0
1978-10,31,177.129,241.0
1978-11,30,138.533,183.0
1978-12,31,173.871,266.0
1979-01,31,235.871,296.0
1979-02,28,194.714,256.0
1979-03,31,195.29,241.0
1979-04,30,143.733,195.0
1979-05,31,190.323,293.0
1979-06,30,211.7,320.0
1979-07,31,225.677,353.0
1979-08,31,201.355,309.0
1979-09,30,266.9,370.0
1979-10,31,263.613,317.0
1979-11,30,259.533,428.0
1979-12,31,249.613,396.0
1980-01,31,226.065,353.0
1980-02,29,219.414,312.0
1980-03,31,178.677,313.0
1980-04,30,232.233,357.0
1980-05,31,254.677,363.0
1980-06,30,222.667,278.0
1980-07,31,192.935,341.0
1980-08,31,191.71,278.0
1980-09,30,219.567,330.0
1980-10,31,233.258,368.0
1980-11,30,209.533,309.0
1980-12,31,246.935,336.0
1981-01,31,156.645,227.0
1981-02,28,189.893,249.0
1981-03,31,196.645,264.0
1981-04,30,225.333,308.0
1981-05,31,194.677,293.0
1981-06,30,131.6,233.0
1981-07,31,205.323,311.0
1981-08,31,242.452,356.0
1981-09,30,245.267,322.0
1981-10,31,216.161,297.0
1981-11,30,186.033,315.0
1981-12,31,195.387,342.0
1982-01,31,149.774,319.0
1982-02,28,230.929,364.0
1982-03,31,221.065,262.0
1982-04,30,170.267,212.0
1982-05,31,119.29,189.0
1982-06,30,163.733,218.0
1982-07,31,139.387,358.0
1982-08,31,161.935,242.0
1982-09,30,167.367,248.0
1982-10,31,134.323,232.0
1982-11,30,127.467,183.0
1982-12,31,168.968,258.0
1983-01,31,115.484,173.0
1983-02,28,73.071,148.0
1983-03,31,88.677,151.0
1983-04,30,109.567,198.0
1983-05,31,132.516,176.0
1983-06,30,131.467,206.0
1983-07,31,108.903,151.0
1983-08,31,96.0,175.0
1983-09,30,69.933,117.0
1983-10,31,72.516,177.0
1983-11,30,45.667,123.0
1983-12,31,45.645,112.0
1984-01,31,74.839,144.0
1984-02,29,110.172,159.0
1984-03,31,116.742,164.0
1984-04,30,90.4,162.0
1984-05,31,96.871,150.0
1984-06,30,65.1,117.0
1984-07,31,55.677,119.0
1984-08,31,34.968,67.0
1984-09,30,22.6,88.0
1984-10,31,12.613,26.0
1984-11,30,26.467,69.0
1984-12,31,21.387,34.0
1985-01,31,17.839,64.0
1985-02,28,20.714,35.0
1985-03,31,16.871,35.0
1985-04,30,20.367,46.0
1985-05,31,32.419,66.0
1985-06,30,28.3,77.0
1985-07,31,39.935,107.0
1985-08,31,10.129,32.0
1985-09,30,4.333,11.0
1985-10,31,21.968,85.0
1985-11,30,17.867,53.0
1985-12,31,15.839,60.0
1986-01,31,2.774,17.0
1986-02,28,27.893,66.0
1986-03,31,13.839,35.0
1986-04,30,22.4,70.0
1986-05,31,16.129,35.0
1986-06,30,0.567,5.0
1986-07,31,18.097,39.0
1986-08,31,9.903,18.0
1986-09,30,5.067,17.0
1986-10,31,40.129,86.0
1986-11,30,15.367,45.0
1986-12,31,5.774,20.0
1987-01,31,9.806,22.0
1987-02,28,3.393,12.0
1987-03,31,17.387,28.0
1987-04,30,46.0,93.0
1987-05,31,39.129,81.0
1987-06,30,18.767,44.0
1987-07,31,38.161,118.0
1987-08,31,47.935,69.0
1987-09,30,42.2,83.0
1987-10,31,63.387,106.0
1987-11,30,48.833,102.0
1987-12,31,29.097,46.0
1988-01,31,70.484,109.0
1988-02,29,45.448,84.0
1988-03,31,91.194,144.0
1988-04,30,108.767,194.0
1988-05,31,74.161,127.0
1988-06,30,124.267,211.0
1988-07,31,131.387,186.0
1988-08,31,139.419,214.0
1988-09,30,142.733,226.0
1988-10,31,156.452,211.0
1988-11,30,156.767,246.0
1988-12,31,231.194,329.0
1989-01,31,210.097,298.0
1989-02,28,208.679,277.0
1989-03,31,170.355,242.0
1989-04,30,166.267,236.0
1989-05,31,195.419,277.0
1989-06,30,284.533,384.0
1989-07,31,180.516,280.0
1989-08,31,231.968,312.0
1989-09,30,225.067,377.0
1989-10,31,212.161,278.0
1989-11,30,238.167,337.0
1989-12,31,211.419,318.0
1990-01,31,227.419,303.0
1990-02,28,171.821,328.0
1990-03,31,191.677,297.0
1990-04,30,189.7,288.0
1990-05,31,175.194,256.0
1990-06,30,153.333,334.0
1990-07,31,191.129,348.0
1990-08,31,252.097,371.0
1990-09,30,169.1,240.0
1990-10,31,199.355,299.0
1990-11,30,178.833,285.0
1990-12,31,197.097,283.0
1991-01,31,195.323,354.0
1991-02,28,240.25,320.0
1991-03,31,196.968,280.0
1991-04,30,197.567,320.0
1991-05,31,166.903,217.0
1991-06,30,224.733,331.0
1991-07,31,240.161,346.0
1991-08,31,240.774,410.0
1991-09,30,168.9,229.0
1991-10,31,197.129,339.0
1991-11,30,159.533,292.0
1991-12,31,212.613,312.0
1992-01,31,198.258,297.0
1992-02,29,230.69,341.0
1992-03,31,150.968,235.0
1992-04,30,142.233,251.0
1992-05,31,94.29,145.0
1992-06,30,98.533,154.0
1992-07,31,114.226,214.0
1992-08,31,91.903,147.0
1992-09,30,93.967,132.0
1992-10,31,133.355,207.0
1992-11,30,129.567,176.0
1992-12,31,121.968,171.0
1993-01,31,81.387,137.0
1993-02,28,127.786,188.0
1993-03,31,102.419,154.0
1993-04,30,94.433,149.0
1993-05,31,78.774,161.0
1993-06,30,69.633,147.0
1993-07,31,80.419,114.0
1993-08,31,62.548,108.0
1993-09,30,31.167,72.0
1993-10,31,71.065,126.0
1993-11,30,48.167,93.0
1993-12,31,68.387,139.0
1994-01,31,84.871,153.0
1994-02,28,54.857,71.0
1994-03,31,47.452,93.0
1994-04,30,27.367,68.0
1994-05,31,29.806,65.0
1994-06,30,39.7,89.0
1994-07,31,50.581,104.0
1994-08,31,34.323,67.0
1994-09,30,40.467,102.0
1994-10,31,67.129,92.0
1994-11,30,29.467,79.0
1994-12,31,32.194,70.0
1995-01,31,32.613,81.0
1995-02,28,45.821,72.0
1995-03,31,46.323,97.0
1995-04,30,21.6,74.0
1995-05,31,19.387,58.0
1995-06,30,22.5,43.0
1995-07,31,20.387,42.0
1995-08,31,18.226,52.0
1995-09,30,15.7,40.0
1995-10,31,30.613,84.0
1995-11,30,13.967,51.0
1995-12,31,14.903,28.0
1996-01,31,13.323,56.0
1996-02,29,7.69,29.0
1996-03,31,12.613,32.0
1996-04,30,6.767,27.0
1996-05,31,7.613,25.0
1996-06,30,16.5,35.0
1996-07,31,11.806,39.0
1996-08,31,19.677,31.0
1996-09,30,3.033,24.0
1996-10,31,0.677,7.0
1996-11,30,24.933,79.0
1996-12,31,14.0,34.0
1997-01,31,7.419,22.0
1997-02,28,11.0,45.0
1997-03,31,12.097,35.0
1997-04,30,23.0,55.0
1997-05,31,25.387,72.0
1997-06,30,20.767,36.0
1997-07,31,12.871,48.0
1997-08,31,35.71,78.0
1997-09,30,59.733,108.0
1997-10,31,32.806,58.0
1997-11,30,50.433,76.0
1997-12,31,55.516,92.0
1998-01,31,44.516,105.0
1998-02,28,50.214,95.0
1998-03,31,82.0,118.0
1998-04,30,70.567,161.0
1998-05,31,74.0,108.0
1998-06,30,90.533,140.0
1998-07,31,96.677,145.0
1998-08,31,121.065,164.0
1998-09,30,132.033,196.0
1998-10,31,78.484,149.0
1998-11,30,97.333,150.0
1998-12,31,119.194,176.0
1999-01,31,86.0,168.0
1999-02,28,98.0,213.0
1999-03,31,103.548,153.0
1999-04,30,93.567,153.0
1999-05,31,149.613,214.0
1999-06,30,207.2,293.0
1999-07,31,173.516,252.0
1999-08,31,142.323,252.0
1999-09,30,106.3,168.0
1999-10,31,168.742,227.0
1999-11,30,188.267,291.0
1999-12,31,116.774,152.0
2000-01,31,133.097,242.0
2000-02,29,165.655,238.0
2000-03,31,217.742,295.0
2000-04,30,191.5,294.0
2000-05,31,165.903,280.0
2000-06,30,188.033,257.0
2000-07,31,244.323,353.0
2000-08,31,180.452,282.0
2000-09,30,156.033,232.0
2000-10,31,141.581,227.0
2000-11,30,158.1,218.0
2000-12,31,143.29,210.0
2001-01,31,142.613,195.0
2001-02,28,121.464,172.0
2001-03,31,165.806,352.0
2001-04,30,161.7,279.0
2001-05,31,142.097,197.0
2001-06,30,202.933,289.0
2001-07,31,122.968,191.0
2001-08,31,161.516,198.0
2001-09,30,238.167,316.0
2001-10,31,194.065,260.0
2001-11,30,176.567,252.0
2001-12,31,213.419,270.0
2002-01,31,184.645,230.0
2002-02,28,170.179,252.0
2002-03,31,147.097,187.0
2002-04,30,186.933,251.0
2002-05,31,187.484,267.0
2002-06,30,128.767,219.0
2002-07,31,161.0,310.0
2002-08,31,175.613,281.0
2002-09,30,187.867,252.0
2002-10,31,151.194,200.0
2002-11,30,147.167,223.0
2002-12,31,135.323,234.0
2003-01,31,133.452,196.0
2003-02,28,75.679,153.0
2003-03,31,100.71,185.0
2003-04,30,97.867,178.0
2003-05,31,86.839,157.0
2003-06,30,118.7,178.0
2003-07,31,128.323,248.0
2003-08,31,115.387,151.0
2003-09,30,78.467,127.0
2003-10,31,97.839,250.0
2003-11,30,82.9,163.0
2003-12,31,72.226,143.0
2004-01,31,60.613,99.0
2004-02,29,74.621,109.0
2004-03,31,74.774,134.0
2004-04,30,59.233,95.0
2004-05,31,72.806,128.0
2004-06,30,66.5,134.0
2004-07,31,83.839,164.0
2004-08,31,69.742,130.0
2004-09,30,48.767,90.0
2004-10,31,74.161,153.0
2004-11,30,70.1,122.0
2004-12,31,28.935,52.0
2005-01,31,48.065,100.0
2005-02,28,43.536,84.0
2005-03,31,39.645,70.0
2005-04,30,38.733,57.0
2005-05,31,61.935,119.0
2005-06,30,56.767,105.0
2005-07,31,62.387,167.0
2005-08,31,60.484,115.0
2005-09,30,37.2,85.0
2005-10,31,13.161,26.0
2005-11,30,27.5,51.0
2005-12,31,59.258,87.0
2006-01,31,20.903,50.0
2006-02,28,5.714,18.0
2006-03,31,17.29,39.0
2006-04,30,50.267,90.0
2006-05,31,37.226,62.0
2006-06,30,24.5,58.0
2006-07,31,22.161,38.0
2006-08,31,20.774,35.0
2006-09,30,23.7,49.0
2006-10,31,14.871,38.0
2006-11,30,35.7,73.0
2006-12,31,22.323,56.0
2007-01,31,29.258,52.0
2007-02,28,18.429,41.0
2007-03,31,7.194,27.0
2007-04,30,5.433,34.0
2007-05,31,19.548,42.0
2007-06,30,21.333,66.0
2007-07,31,15.097,42.0
2007-08,31,9.774,28.0
2007-09,30,4.033,24.0
2007-10,31,1.516,19.0
2007-11,30,2.833,16.0
2007-12,31,17.29,51.0
2008-01,31,4.129,14.0
2008-02,29,2.862,15.0
2008-03,31,15.548,60.0
2008-04,30,3.6,20.0
2008-05,31,4.581,22.0
2008-06,30,5.167,14.0
2008-07,31,0.613,7.0
2008-08,31,0.323,5.0
2008-09,30,1.167,10.0
2008-10,31,4.161,17.0
2008-11,30,6.633,23.0
2008-12,31,1.032,11.0
2009-01,31,1.323,10.0
2009-02,28,1.179,7.0
2009-03,31,0.645,7.0
2009-04,30,1.233,13.0
2009-05,31,2.935,10.0
2009-06,30,6.3,26.0
2009-07,31,5.516,27.0
2009-08,31,0.0,0.0
2009-09,30,7.1,33.0
2009-10,31,7.677,32.0
2009-11,30,6.867,29.0
2009-12,31,16.323,46.0
2010-01,31,19.452,38.0
2010-02,28,28.5,59.0
2010-03,31,23.968,39.0
2010-04,30,10.367,34.0
2010-05,31,13.903,51.0
2010-06,30,18.8,46.0
2010-07,31,25.226,47.0
2010-08,31,29.645,67.0
2010-09,30,36.367,58.0
2010-10,31,33.645,67.0
2010-11,30,34.367,69.0
2010-12,31,24.548,53.0
2011-01,31,27.323,48.0
2011-02,28,48.286,87.0
2011-03,31,78.645,141.0
2011-04,30,76.1,127.0
2011-05,31,58.194,115.0
2011-06,30,56.067,135.0
2011-07,31,64.516,115.0
2011-08,31,65.839,125.0
2011-09,30,120.133,191.0
2011-10,31,125.677,194.0
2011-11,30,139.067,177.0
2011-12,31,109.29,162.0
2012-01,31,94.419,154.0
2012-02,29,47.759,89.0
2012-03,31,86.645,116.0
2012-04,30,85.9,168.0
2012-05,31,96.484,137.0
2012-06,30,91.967,165.0
2012-07,31,100.129,146.0
2012-08,31,94.774,174.0
2012-09,30,93.7,171.0
2012-10,31,76.548,119.0
2012-11,30,87.633,142.0
2012-12,31,56.806,89.0
2013-01,31,96.065,163.0
2013-02,28,60.929,114.0
2013-03,31,78.323,123.0
2013-04,30,107.333,150.0
2013-05,31,120.161,206.0
2013-06,30,76.7,139.0
2013-07,31,86.161,141.0
2013-08,31,91.774,146.0
2013-09,30,54.467,90.0
2013-10,31,114.355,155.0
2013-11,30,113.867,192.0
2013-12,31,124.161,187.0
2014-01,31,116.968,167.0
2014-02,28,146.071,220.0
2014-03,31,128.742,161.0
2014-04,30,112.467,199.0
2014-05,31,112.452,166.0
2014-06,30,102.867,197.0
2014-07,31,100.194,197.0
2014-08,31,106.935,165.0
2014-09,30,130.0,193.0
2014-10,31,89.968,138.0
2014-11,30,103.633,157.0
2014-12,31,112.871,178.0
2015-01,31,93.032,153.0
2015-02,28,66.714,113.0
2015-03,31,54.548,108.0
2015-04,30,75.333,140.0
2015-05,31,88.839,172.0
2015-06,30,66.467,124.0
2015-07,31,65.839,123.0
2015-08,31,64.419,112.0
2015-09,30,78.567,169.0
2015-10,31,63.645,107.0
2015-11,30,62.167,101.0
2015-12,31,58.032,86.0
2016-01,31,56.968,97.0
2016-02,29,56.379,108.0
2016-03,31,54.065,111.0
2016-04,30,37.9,90.0
2016-05,31,51.516,88.0
2016-06,30,20.533,50.0
2016-07,31,32.355,69.0
2016-08,31,50.161,81.0
2016-09,30,44.633,79.0
2016-10,31,33.419,68.0
2016-11,30,21.4,51.0
2016-12,31,18.484,61.0
2017-01,31,26.065,75.0
2017-02,28,26.429,58.0
2017-03,31,17.677,66.0
2017-04,30,32.3,100.0
2017-05,31,18.935,55.0
2017-06,30,19.233,35.0
2017-07,31,17.806,61.0
2017-08,31,32.581,73.0
2017-09,30,43.7,119.0
2017-10,31,13.194,35.0
2017-11,30,5.7,25.0
2017-12,31,8.161,29.0
2018-01,31,6.806,20.0
2018-02,28,10.679,28.0
2018-03,31,2.452,14.0
2018-04,30,8.933,27.0
2018-05,31,13.129,33.0
2018-06,30,15.567,56.0
2018-07,31,1.581,13.0
2018-08,31,8.71,32.0
2018-09,30,3.333,16.0
2018-10,31,4.935,26.0
2018-11,30,4.933,15.0
2018-12,31,3.129,21.0
2019-01,31,7.71,26.0
2019-02,28,0.821,12.0
2019-03,31,9.419,38.0
2019-04,30,9.067,24.0
2019-05,31,9.903,27.0
2019-06,30,1.167,12.0
2019-07,31,0.871,9.0
2019-08,31,0.484,8.0
2019-09,30,1.1,14.0
2019-10,31,0.387,6.0
2019-11,30,0.467,7.0
2019-12,31,1.516,23.0
2020-01,31,6.194,19.0
2020-02,29,0.207,6.0
2020-03,31,1.484,16.0
2020-04,30,5.2,26.0
2020-05,31,0.194,4.0
2020-06,30,5.833,16.0
2020-07,31,6.065,21.0
2020-08,31,7.484,26.0
2020-09,30,0.6,7.0
2020-10,31,14.645,42.0
2020-11,30,34.533,96.0
2020-12,31,23.129,56.0
2021-01,31,10.419,35.0
2021-02,28,8.214,38.0
2021-03,31,17.161,35.0
2021-04,30,24.5,57.0
2021-05,31,21.226,41.0
2021-06,30,24.967,56.0
2021-07,31,34.258,76.0
2021-08,31,22.0,75.0
2021-09,30,51.3,101.0
2021-10,31,37.355,103.0
2021-11,30,34.767,59.0
2021-12,31,67.452,150.0
2022-01,31,55.29,102.0
2022-02,28,60.857,100.0
2022-03,31,78.613,142.0
2022-04,30,84.033,134.0
2022-05,31,96.516,162.0
2022-06,30,70.333,152.0
2022-07,31,91.419,151.0
2022-08,31,74.645,123.0
2022-09,30,95.967,147.0
2022-10,31,95.452,167.0
2022-11,30,80.5,115.0
2022-12,31,112.806,159.0
2023-01,31,144.355,206.0
2023-02,28,111.286,177.0
2023-03,31,123.323,186.0
2023-04,30,97.567,183.0
2023-05,31,137.419,177.0
2023-06,30,160.5,240.0
2023-07,31,159.968,210.0
2023-08,31,114.774,180.0
2023-09,30,134.233,200.0
2023-10,31,99.871,168.0
2023-11,30,107.133,186.0
2023-12,31,113.548,152.0
2024-01,31,125.968,186.0
2024-02,29,122.966,162.0
2024-03,31,103.71,163.0
2024-04,30,136.967,268.0
2024-05,31,172.097,244.0
2024-06,30,164.1,219.0
2024-07,31,196.806,290.0
2024-08,31,216.032,285.0
2024-09,30,141.1,182.0
2024-10,31,165.774,244.0
2024-11,30,154.1,223.0
2024-12,31,154.581,257.0
2025-01,31,137.0,211.0
2025-02,28,155.714,205.0
2025-03,31,134.161,206.0
2025-04,30,141.4,203.0
2025-05,31,78.516,117.0
2025-06,30,114.633,154.0
2025-07,31,125.903,191.0
2025-08,31,133.71,204.0
2025-09,30,129.7,186.0
2025-10,31,114.839,175.0
2025-11,30,91.733,154.0
2025-12,31,124.161,185.0
2026-01,31,115.0,189.0
2026-02,28,77.429,165.0
2026-03,31,86.645,137.0
2026-04,30,79.3,135.0
2026-05,31,101.452,174.0
2026-06,30,94.367,133.0
