timestamp,region,events,activity_score,persistence_index,max_ftrt,risk_index
2026-07-23T23:50:05.229924+00:00,14475,3,1.5,1.0,7.742445,0.25532
2026-07-23T23:50:05.230013+00:00,14479,47,5.875,0.25,7.742445,0.25
2026-07-23T23:50:05.230053+00:00,14473,3,1.5,1.5,1.730706,0.08561
2026-07-23T23:50:05.230096+00:00,14472,1,1.0,1.0,1.513223,0.03327
2026-07-23T23:50:05.230125+00:00,14480,4,0.8,0.0,0.0,0.0
2026-07-23T23:50:05.230148+00:00,14478,4,1.0,0.0,0.0,0.0
2026-07-23T23:50:05.230171+00:00,14482,4,0.6667,0.0,0.0,0.0
2026-07-23T23:50:05.230194+00:00,14485,4,1.0,0.0,0.0,0.0
2026-07-23T23:50:05.230217+00:00,UNKNOWN,1,1.0,0.0,0.0,0.0
